"r","N","phi_emp","weighted_CE","weighted_err","reference_count","mean_ess_frac","q05_ess_frac","max_split_logZ_per_N_diff","fallback_unit_count","fallback_unit_fraction","min_smc_cess_fraction","max_smc_step_count"
"0.15","40","0.0","1.6873085523762237","0.04959426418108651","100","0.9897876317740559","0.9842997585652723","0.00030760912305591857","0","0.0","nan","nan"
"0.2","40","0.27961039767911106","1.6990224025817566","0.0636372677082196","100","0.9821125846638051","0.9716098313849544","0.0004827884247958325","0","0.0","nan","nan"
"0.25","40","0.49587057508325405","1.7138238274955642","0.0761713457226654","100","0.9726908371994414","0.9576837064720014","0.0006152012028601383","0","0.0","nan","nan"
"0.3","40","0.6718088834945661","1.7306825103312897","0.08803937159872795","100","0.9614181634628661","0.9394308205561462","0.0006945678550005052","0","0.0","nan","nan"
"0.35","40","0.8196378601911728","1.7497556547810598","0.09951873355973334","100","0.9490094383064759","0.9209630396265059","0.0007826063005688111","0","0.0","nan","nan"
"0.4","40","0.9465794903081713","1.7711500020687538","0.1110917421736278","100","0.934840959216193","0.899745182989887","0.0008029419590740661","0","0.0","nan","nan"
"0.45","40","1.0572634455259857","1.794863229131297","0.12302060484660891","100","0.91962824539221","0.8786631414423995","0.001314741100986505","0","0.0","nan","nan"
"0.5","40","1.1548201078764326","1.8208589910316124","0.13429090891690465","100","0.9042242659763952","0.8556088116751888","0.0009818359423715783","0","0.0","nan","nan"
"0.55","40","1.2414667890241873","1.8472476448068682","0.14676338169710848","100","0.8868215693754944","0.835373994425146","0.0012932368350920154","0","0.0","nan","nan"
"0.6","40","1.31878770426045","1.8758264946153969","0.15821597051717987","100","0.8695869561488102","0.812475908491144","0.0013768126171875394","0","0.0","nan","nan"
"0.65","40","1.3879826644325386","1.9049623803257207","0.16951309883888083","100","0.8498220748812274","0.7841522672355348","0.0012013369715913492","0","0.0","nan","nan"
"0.7","40","1.45001896613027","1.9344985304576494","0.18119650436987492","100","0.8310367438561462","0.7596110640048132","0.0015577351606926415","0","0.0","nan","nan"
"0.75","40","1.5055648775613677","1.9661443917314958","0.19307391312785652","100","0.8130400710069299","0.7369756981855339","0.002129765025320518","0","0.0","nan","nan"
"0.8","40","1.555063312412392","2.001915273220141","0.20571001142844442","100","0.7912873406203021","0.7193766545882104","0.0015850518864829687","0","0.0","nan","nan"
"0.85","40","1.599304451390125","2.0324017607920264","0.21672181719708522","100","0.7716661275896091","0.6947681906060207","0.001499656731535115","0","0.0","nan","nan"
"0.9","40","1.6384290305196207","2.0643043543935655","0.22735416129806205","100","0.7506490286989153","0.67257184700848","0.001692085999427384","0","0.0","nan","nan"
"0.95","40","1.6727097669266042","2.1019191180331727","0.24020721149302685","100","0.7323234737837697","0.6596866641970495","0.0021176416217964845","0","0.0","nan","nan"
"1.0","40","1.702451211162349","2.1392331919613112","0.25162693263906943","100","0.7108163337067941","0.6311754227279495","0.001327168710421356","0","0.0","nan","nan"
"1.05","40","1.7281057478877968","2.1704888014055372","0.2623896979431148","100","0.690691348418579","0.6180972971332721","0.0019065234695266886","0","0.0","nan","nan"
"1.1","40","1.7494496758070124","2.2090167559207154","0.2738900483780035","100","0.6697221867367721","0.5922718090049802","0.0023767628873809345","0","0.0","nan","nan"
"1.15","40","1.766978829055342","2.243041314941005","0.28397838036850254","100","0.6496280178785392","0.5665801981872557","0.002380875696133078","0","0.0","nan","nan"
"1.2","40","1.7805978140629763","2.2816203897643055","0.295606840466607","100","0.6289681440855593","0.5483920272978844","0.002505969454565049","0","0.0","nan","nan"
"1.25","40","1.79056171270489","2.318882029077413","0.3061533593947791","100","0.6086853210057199","0.5321825008442921","0.0019082125475667234","0","0.0","nan","nan"
"1.3","40","1.7969074148873285","2.357912639599163","0.31670820368760716","100","0.5889448733232513","0.5030225679463209","0.0019648878164668206","0","0.0","nan","nan"
"1.35","40","1.79975272626195","2.39525941722996","0.3258943983233784","100","0.577236799388814","0.4783157388166235","0.0029066417530118293","2","0.02","0.8500000000009352","3.0"
"1.4","40","1.7992421674418302","2.4327458101450845","0.33467501780564546","100","0.5484706362029307","0.4686209513951681","0.0026384869126801825","0","0.0","nan","nan"
"1.45","40","1.7952018297443866","2.4758562961069965","0.34591509102863144","100","0.5282736587428505","0.4512076969131215","0.0028329545540227486","0","0.0","nan","nan"
"1.5","40","1.7882394730459241","2.5051872084644526","0.35312582485045446","100","0.5134289605024336","0.4226611979406552","0.0026406352981657834","1","0.01","0.8500000000049319","2.0"
"1.55","40","1.7776530523606602","2.5502686647411252","0.3622517934970264","100","0.4991241251225735","0.39654881633264355","0.0026849917690569213","2","0.02","0.850000000000914","3.0"
"1.6","40","1.7641856680132646","2.584210969033669","0.3688864979436123","100","0.4884871455314279","0.3938512987489691","0.002434493159926987","3","0.03","0.8500000000004082","3.0"
"1.65","40","1.747344554784363","2.6261721508675766","0.37735376450588276","100","0.4699353838509975","0.37005291085978237","0.0029800245404899782","3","0.03","0.85000000000076","3.0"
"1.7","40","1.7275948637992078","2.662197794168232","0.3842545568001824","100","0.4465534301422617","0.34465748246858907","0.0029246924285134313","2","0.02","0.8500000000000678","4.0"
"1.75","40","1.7045578723112886","2.710478497744445","0.3940991932423593","100","0.4408804862733558","0.31941274564321614","0.0028709842746266643","4","0.04","0.8500000000004755","3.0"
"1.8","40","1.6788688896259283","2.736957546432834","0.3982598257730401","100","0.43678386258599","0.3117376936747974","0.0028104006033949245","6","0.06","0.8500000000000081","4.0"
"1.85","40","1.649948469831111","2.780124539092584","0.40606048164730935","100","0.40496067691019033","0.2884554478261259","0.0028561950061854803","3","0.03","0.8500000000002075","4.0"
"1.9","40","1.6179812926227395","2.8274033015137277","0.4135386199112393","100","0.4038520742443131","0.283749618634595","0.0029054683586821283","5","0.05","0.8500000000001674","4.0"
"1.95","40","1.5832663029027492","2.861341218626762","0.417888296344846","100","0.42227961849558954","0.2781188661188208","0.0035916868434840766","9","0.09","0.8500000000001131","4.0"
"2.0","40","1.5455621619810556","2.9005679531040145","0.4237191345314034","100","0.4018690770954011","0.2699091445849327","0.0010665899290483339","8","0.08","0.8500000000000202","4.0"
"2.05","40","1.5050631365899316","2.9384474266156126","0.4289095902290822","100","0.41372935493232854","0.2640551483298819","0.0037439012829057817","11","0.11","0.8500000000001199","4.0"
"2.1","40","1.4614962069358255","2.9809823557801214","0.43484617602167874","100","0.43752395365458363","0.26103390021195805","0.0008612926208856564","16","0.16","0.8500000000000043","4.0"
"2.15","40","1.4151783270871878","3.018985410585202","0.43980113748633637","100","0.4714215635825497","0.2605081015128659","0.0011082343864172728","22","0.22","0.8500000000000331","5.0"
"2.2","40","1.3660291287120958","3.0594649644125385","0.4447213235874659","100","0.5287304513300279","0.258260364684356","0.001955030966157878","31","0.31","0.8500000000000527","5.0"
"0.15","80","0.0","3.322046077931917","0.0441379529128106","100","0.9807820786144625","0.9736971848807681","0.0001808954090654291","0","0.0","nan","nan"
"0.2","80","0.28332261209432785","3.3465532300163203","0.05825149680259237","100","0.9664453644428725","0.9547009987109791","0.0002841248362904114","0","0.0","nan","nan"
"0.25","80","0.5025135869622549","3.377745247217017","0.07207114748912602","100","0.9487854465033045","0.9321654078117408","0.0003692187596619656","0","0.0","nan","nan"
"0.3","80","0.6808874696531256","3.414357206040501","0.08526854351455591","100","0.9278601853991857","0.9039978333702129","0.0004359681634723778","0","0.0","nan","nan"
"0.35","80","0.8308332125892867","3.454650160593766","0.09749859073078766","100","0.9043364189536979","0.8728098789443255","0.00042038103336788923","0","0.0","nan","nan"
"0.4","80","0.959653432026772","3.501026174020318","0.10940678520146331","100","0.8798710227445785","0.8441768778776684","0.0006244009702260466","0","0.0","nan","nan"
"0.45","80","1.0720164262659626","3.5530877000865284","0.12175653578774874","100","0.8519556577831512","0.8086318047283065","0.0005970225004133356","0","0.0","nan","nan"
"0.5","80","1.1711596345818283","3.6050577719647707","0.1335024989818035","100","0.8222111910755647","0.7737206518867757","0.0006746516765898825","0","0.0","nan","nan"
"0.55","80","1.259257725004697","3.6629467133081555","0.14560588052582427","100","0.7936811024559131","0.7344143255053278","0.0006803151390170958","0","0.0","nan","nan"
"0.6","80","1.3379763551034318","3.7201802684337846","0.15703561757818543","100","0.7622434877557588","0.6992912452136394","0.0008064963587931407","0","0.0","nan","nan"
"0.65","80","1.4084683959423192","3.7833777101404644","0.16888989482240366","100","0.7317551537370024","0.6649177047366943","0.0009087825350772239","0","0.0","nan","nan"
"0.7","80","1.471699222638376","3.8487807317169285","0.1809591593321478","100","0.7003599683532928","0.6348689877718793","0.0008723492124238952","0","0.0","nan","nan"
"0.75","80","1.528407733383684","3.9141858918986565","0.19291603268426574","100","0.6675216707523373","0.5933746535095806","0.0008504898132555728","0","0.0","nan","nan"
"0.8","80","1.5791489763609778","3.985405638426844","0.20514247922859932","100","0.6389294568749189","0.5738686762071646","0.001218538475720865","0","0.0","nan","nan"
"0.85","80","1.6244312627027828","4.050674264435217","0.21653525872869964","100","0.6038823935797918","0.5267579367358526","0.0017681649063881367","0","0.0","nan","nan"
"0.9","80","1.6645605182599872","4.125185188352378","0.229201408920692","100","0.574880619630712","0.4977185210975051","0.0016724706332811757","0","0.0","nan","nan"
"0.95","80","1.6999539991671717","4.19498395465696","0.24076785613408916","100","0.5445612573066654","0.4837982861018805","0.0013278346062833624","0","0.0","nan","nan"
"1.0","80","1.7307067878658007","4.272027664243705","0.252460740356385","100","0.5138061641381448","0.43151422971546155","0.0017365213588036222","0","0.0","nan","nan"
"1.05","80","1.7572002037523464","4.343556550086548","0.26339848960025675","100","0.4807537993144239","0.3943733087797647","0.0016371896681843356","0","0.0","nan","nan"
"1.1","80","1.77953487629381","4.4262763796600675","0.2760418526962672","100","0.45719120777976996","0.3831236603601452","0.0011998544433113878","0","0.0","nan","nan"
"1.15","80","1.7979700233573463","4.495315498058644","0.2858502524597164","100","0.42499010492771283","0.35867519103223056","0.0019929010631811296","0","0.0","nan","nan"
"1.2","80","1.8124700332502355","4.57802712528636","0.29728731759832827","100","0.3998793557472727","0.325901506391298","0.0017536340435278408","0","0.0","nan","nan"
"1.25","80","1.8233490694481032","4.654319090931633","0.3079113285429619","100","0.3729270452464326","0.29662140809199933","0.001671645643991182","0","0.0","nan","nan"
"1.3","80","1.8305657890636773","4.736927677472123","0.3183175873555125","100","0.3480786972475748","0.280591223082441","0.0021889382900040387","0","0.0","nan","nan"
"1.35","80","1.8343385443726652","4.812695220941814","0.3275269466810699","100","0.35958193028061136","0.26963364810572826","0.0023388279938322933","5","0.05","0.8500000000003403","4.0"
"1.4","80","1.8345606143341882","4.898931474524492","0.33852791416377653","100","0.3907516065014118","0.25816041677543083","0.0026238934662893066","12","0.12","0.8500000000000338","4.0"
"1.45","80","1.8315163224009163","4.978596246025859","0.34698887375259607","100","0.4845812998353944","0.25539800593797357","0.001820001370046409","27","0.27","0.8500000000000187","4.0"
"1.5","80","1.825078331483259","5.066441769032957","0.35718407448894623","100","0.5929730879875847","0.2558046835904406","0.0029861932135938573","43","0.43","0.8500000000000036","4.0"
"1.55","80","1.815551462297969","5.142487482026393","0.36511415008692494","100","0.7174700964604409","0.2596477905427979","0.0025352711980332287","61","0.61","0.8500000000000059","4.0"
"1.6","80","1.8028211505152685","5.21594614293625","0.3721518892446525","100","0.8368179549135177","0.25700659082275046","0.0034153354596466734","78","0.78","0.8500000000000096","4.0"
"1.65","80","1.7867499700175788","5.30929395108661","0.3810793871944529","100","0.9030566956984125","0.2549889110854841","0.0026676571318978936","87","0.87","0.8500000000000263","4.0"
"1.7","80","1.7676013434694886","5.396215760620611","0.3894039619159432","100","0.9626078388763514","0.9624837516520675","0.002928451344403804","95","0.95","0.8500000000000043","5.0"
"1.75","80","1.745615843796776","5.468060367852438","0.39610894664725316","100","0.9777407041296398","0.999337389550389","0.0038547532318323973","97","0.97","0.8500000000000194","5.0"
"1.8","80","1.7204827338099782","5.543776880149648","0.4020861040458877","100","0.991696630236696","0.9951445327152931","0.003671684461404112","99","0.99","0.8500000000000029","5.0"
"1.85","80","1.6923456075657768","5.626370474695511","0.4088685476207724","100","0.9991574954699147","0.9961777529122764","0.0011253551615894252","100","1.0","0.8500000000000323","5.0"
"1.9","80","1.6613062707879127","5.7086296272473485","0.4152437530902136","100","0.9966845926358998","0.9815854965674927","0.003060023455257621","100","1.0","0.8500000000000156","5.0"
"1.95","80","1.6272015834948048","5.798054138761118","0.42270370491313797","100","0.9926813647169815","0.9650322932519311","0.0033381088137897307","100","1.0","0.8500000000000089","5.0"
"2.0","80","1.5901970432217414","5.876619536893659","0.4275032561645157","100","0.9887162356242505","0.9578644683874635","0.0012451319552678087","100","1.0","0.8500000000000345","5.0"
"2.05","80","1.550350621896477","5.955484217042462","0.43280940828082526","100","0.9812843075679052","0.9403704658337607","0.001011744381309221","100","1.0","0.8500000000000066","5.0"
"2.1","80","1.5075658071312672","6.043457653320316","0.4386349714405334","100","0.9725159394982041","0.9227852494750619","0.0011240013497358704","100","1.0","0.850000000000027","6.0"
"2.15","80","1.461967110614123","6.128003405145279","0.4442780759333377","100","0.9636753526447559","0.9069203095265198","0.0010413169950009404","100","1.0","0.850000000000018","6.0"
"2.2","80","1.4135792204717479","6.20499110740553","0.4486016334653271","100","0.9516286589771279","0.8839108420913125","0.0013474639710002734","100","1.0","0.8500000000000036","6.0"
"0.15","160","0.0","6.7251379333145875","0.04664683705411295","100","0.9608880959620574","0.9508333601859856","0.00010306956664849488","0","0.0","nan","nan"
"0.2","160","0.28530681287342236","6.772327988308988","0.060609488538724055","100","0.9324935291260613","0.9156179149514104","0.00018967539723308002","0","0.0","nan","nan"
"0.25","160","0.5061170707641911","6.833451138964184","0.07395881216902861","100","0.8979534511841059","0.8723367817390837","0.0002704690470439086","0","0.0","nan","nan"
"0.3","160","0.6858958988906213","6.905257204222832","0.08689155989501801","100","0.8587973967657689","0.8253639368146054","0.00026372394500999706","0","0.0","nan","nan"
"0.35","160","0.8370865657238443","6.987766787773901","0.10018871063728739","100","0.8168810601143024","0.7792820501372785","0.0003119506584718434","0","0.0","nan","nan"
"0.4","160","0.9670819624865178","7.075468687556325","0.11240950625532786","100","0.7706276805885952","0.7246914251442815","0.0004702653904855192","0","0.0","nan","nan"
"0.45","160","1.0805713723524906","7.172992389534395","0.1246201806138808","100","0.7238588839423821","0.6665292753907424","0.00048770704461447155","0","0.0","nan","nan"
"0.5","160","1.180742344033747","7.277830412008533","0.13688096081779647","100","0.6758310367796967","0.6086062017876089","0.0005038387562666391","0","0.0","nan","nan"
"0.55","160","1.2698305095867881","7.390497239432554","0.14878566787811953","100","0.6277040034251239","0.5586402440862628","0.0004372863251756121","0","0.0","nan","nan"
"0.6","160","1.3495290525021917","7.495776951351893","0.16033075383979123","100","0.5755010481657574","0.5056810306630638","0.0006728221377065192","0","0.0","nan","nan"
"0.65","160","1.4209315469253736","7.626810120374177","0.17297185775861254","100","0.5360868395206552","0.4617887717868617","0.0008630949515836984","0","0.0","nan","nan"
"0.7","160","1.4851319149485689","7.7436249793143475","0.18406229195393284","100","0.4869770509523213","0.42177114660844717","0.000884711291960516","0","0.0","nan","nan"
"0.75","160","1.5426934713631157","7.879848016423308","0.1962906709209459","100","0.44566334995568035","0.3620540728421198","0.0009558863249606641","0","0.0","nan","nan"
"0.8","160","1.5943413958579136","8.012983281459672","0.2075439290558966","100","0.41168337350495493","0.3518704085115535","0.0006725701272692009","0","0.0","nan","nan"
"0.85","160","1.640430826778097","8.154312902925842","0.2204589421025356","100","0.37064000772715977","0.2984189409715356","0.0009583238771259772","0","0.0","nan","nan"
"0.9","160","1.681434815953741","8.285842664377823","0.23112599754360738","100","0.3497577529475744","0.27335800794258514","0.001313268839944648","3","0.03","0.8500000000004936","4.0"
"0.95","160","1.7176418031951912","8.424096726123032","0.24274741727694996","100","0.41434380135431687","0.26030085100452677","0.0011076500772574161","16","0.16","0.8500000000000391","4.0"
"1.0","160","1.7492341814583","8.58326446110927","0.2548910421531925","100","0.4822374667070087","0.2550010194443539","0.0011019553452995324","28","0.28","0.850000000000015","4.0"
"1.05","160","1.7765386019368266","8.735082327055265","0.26698965934455976","100","0.6813066250827541","0.2569628185439534","0.001719118192090674","57","0.57","0.8500000000000112","5.0"
"1.1","160","1.7996944069619758","8.88993337289153","0.2782067455429436","100","0.84275245289362","0.25768542955900275","0.0016318102486530873","79","0.79","0.8500000000000119","4.0"
"1.15","160","1.818927771389748","9.029630241003874","0.2886237480328328","100","0.9188230556349825","0.25891006222420304","0.0013086742959802944","89","0.89","0.8500000000000074","5.0"
"1.2","160","1.8342697484939234","9.19458196803332","0.29941583666663396","100","0.9702663159279274","0.9981299706382388","0.0013369146049071912","96","0.96","0.8500000000000005","5.0"
"1.25","160","1.8459214948744869","9.331504883123975","0.309209396610682","100","0.9844897544926288","0.9929182225377218","0.0018408315699652178","98","0.98","0.8500000000000096","5.0"
"1.3","160","1.853977913843317","9.476885255343046","0.31829943880399386","100","0.9977039612026494","0.988223798558461","0.0016208304533705587","100","1.0","0.8500000000000361","5.0"
"1.35","160","1.8584218674622304","9.647808989119323","0.3295963912445551","100","0.9932710482759388","0.9677269132495031","0.0021369365279674036","100","1.0","0.8500000000000247","5.0"
"1.4","160","1.8595224642282848","9.79297553464652","0.33790037650571036","100","0.9859689603834343","0.9384719452612101","0.0025046815565678672","100","1.0","0.8500000000000043","5.0"
"1.45","160","1.857255982658909","9.941190009738436","0.3459678027264883","100","0.9752992334153227","0.920411125501855","0.0029936017055009144","100","1.0","0.8500000000000164","6.0"
"1.5","160","1.8516494599741748","10.106324162894998","0.3556149904116738","100","0.9640997861269643","0.9035225497091197","0.0022663356467596428","100","1.0","0.8500000000000066","6.0"
"1.55","160","1.8427760462287475","10.274985302649213","0.3644547314511093","100","0.9616316303959528","0.9085754356056966","0.0025847447210021633","100","1.0","0.8500000000000005","6.0"
"1.6","160","1.8307805881926424","10.423075982086612","0.37235626190375604","100","0.9514719417718425","0.8896962323878613","0.0032015328340187386","100","1.0","0.8500000000000059","6.0"
"1.65","160","1.8155923966969585","10.574670554477871","0.37921241123295757","100","0.9540513864326826","0.8799620253235106","0.003161518979290623","100","1.0","0.8500000000000112","7.0"
"1.7","160","1.7972861955240218","10.75339182994099","0.388654835751941","100","0.9499991064645434","0.8842351191072707","0.0036720145848524234","100","1.0","0.8500000000000428","7.0"
"1.75","160","1.7759088855132497","10.884832319892924","0.393083126319238","100","0.9570632614887774","0.8741310193855396","0.0012221195714159805","100","1.0","0.8500000000000051","6.0"
"1.8","160","1.7515441704672634","11.041171145953431","0.3998584397090747","100","0.97360866946115","0.8679207475809843","0.0011542657659068922","100","1.0","0.8500000000000301","7.0"
"1.85","160","1.724139620113392","11.200879905608899","0.40626244822751256","100","0.9889030522978198","0.886123672594775","0.0010863113270588975","100","1.0","0.8500000000000126","7.0"
"1.9","160","1.6937633327477233","11.36772108268162","0.4127026774531563","100","0.997288723435691","0.9926878993803995","0.001365520171406942","100","1.0","0.8500000000000134","7.0"
"1.95","160","1.6604323986752347","11.535673465934188","0.41901535872205314","100","0.9979296182238163","0.9912908988966928","0.0011980711026447822","100","1.0","0.8500000000000096","7.0"
"2.0","160","1.6242284128047657","11.687028529125744","0.4239435124091909","100","0.9954826483798245","0.97496378996777","0.0016315479764269724","100","1.0","0.8500000000000021","7.0"
"2.05","160","1.585110737530915","11.851940262091288","0.4299515628768249","100","0.9899452975566101","0.9565740093933687","0.001662138366814858","100","1.0","0.8500000000000134","7.0"
"2.1","160","1.5430671934053442","12.02743924099658","0.4358121817471201","100","0.9840088626219442","0.9292371143185156","0.0021625085351510975","100","1.0","0.8500000000000051","8.0"
"2.15","160","1.4982286465323025","12.172887462400816","0.44025129323689943","100","0.97621309418132","0.9040292320011531","0.0023001060077120885","100","1.0","0.8500000000000112","8.0"
"2.2","160","1.4505048665577616","12.346684224774762","0.4458011107657818","100","0.9660610003285387","0.9094728469838086","0.002470094675585699","100","1.0","0.8500000000000005","8.0"
"0.15","320","0.0","13.023869060326241","0.04389548579945126","100","0.9188403979409537","0.9008468828684681","0.0001289157344323111","0","0.0","nan","nan"
"0.2","320","0.28624731832153383","13.12020072936949","0.05674296083692821","100","0.8624253411810908","0.8327259991421847","0.00014849053019572734","0","0.0","nan","nan"
"0.25","320","0.5078329551966796","13.236014402481612","0.06901625182269869","100","0.7964508691326234","0.7603437247110921","0.00016721876500239708","0","0.0","nan","nan"
"0.3","320","0.6882660184818358","13.37382437948043","0.08073563624150655","100","0.7223749415343177","0.6574412496109009","0.00021273781924455726","0","0.0","nan","nan"
"0.35","320","0.8400317509958182","13.53279919586513","0.09223917050287218","100","0.6491192624681836","0.5948084147160104","0.00028970148841314105","0","0.0","nan","nan"
"0.4","320","0.97053618229331","13.70803102322422","0.10360702499450601","100","0.5773354124249132","0.5020209644074476","0.0003515984672106787","0","0.0","nan","nan"
"0.45","320","1.08449313483732","13.901031704555294","0.11497169279152361","100","0.5055054603428524","0.4321572239568875","0.00035587858514000146","0","0.0","nan","nan"
"0.5","320","1.1851193037492525","14.101934665982606","0.12564273138519957","100","0.4396932545863649","0.3655743810408998","0.0005322557587472687","0","0.0","nan","nan"
"0.55","320","1.2746254616439796","14.32346534546055","0.1371385800833475","100","0.3821367988583757","0.2945545907700113","0.00043363800189046844","1","0.01","0.8500000000006732","3.0"
"0.6","320","1.3546768514752217","14.554830959009708","0.14837130728311895","100","0.37302442438007644","0.27670781905867187","0.0005267608768947274","7","0.07","0.8500000000003622","4.0"
"0.65","320","1.426467440139097","14.807822686914974","0.15983483899522113","100","0.4775123035149393","0.2577447890462318","0.00046291338248578563","28","0.28","0.850000000000021","4.0"
"0.7","320","1.4909889769118794","15.055202991782089","0.17129358217641336","100","0.7522644133401615","0.2581732144718656","0.0006705742096137724","67","0.67","0.8500000000000194","4.0"
"0.75","320","1.5489454643473022","15.293569545204502","0.18186694010725354","100","0.9697573712773773","0.9954616893851062","0.0007862534538461196","96","0.96","0.8500000000000119","5.0"
"0.8","320","1.6009546273167103","15.540426289305605","0.19284828210661387","100","0.9997485612175245","0.9999939832553869","0.0007882055115805864","100","1.0","0.850000000000024","5.0"
"0.85","320","1.647335003755232","15.845985410875072","0.20510488986148906","100","0.9992084831826618","0.9957085197615146","0.0010688244376098944","100","1.0","0.8500000000000089","5.0"
"0.9","320","1.6886493126512316","16.125169350079442","0.21722147811401268","100","0.9964809201529762","0.9881963105210453","0.0010783195379895805","100","1.0","0.8500000000000005","5.0"
"0.95","320","1.7251152664541016","16.39836543295542","0.22820655675249818","100","0.983799138084357","0.9410318175097173","0.001007498042115884","100","1.0","0.8500000000000036","5.0"
"1.0","320","1.7570884665287887","16.674770304660743","0.23908455817594818","100","0.9698622767647772","0.9155228290345144","0.0015824354494296644","100","1.0","0.8500000000000005","6.0"
"1.05","320","1.7846775938044526","16.980561355128938","0.250627452154823","100","0.9486947925165665","0.900222926563102","0.0014062657716960025","100","1.0","0.8500000000000066","6.0"
"1.1","320","1.8081217387578739","17.275614915169506","0.2609470101069434","100","0.9421503591026966","0.8849502815052536","0.0014560985160053442","100","1.0","0.8500000000000391","6.0"
"1.15","320","1.8276295857145133","17.536040764865287","0.2709066150804889","100","0.9527005385687838","0.8868023896026358","0.0020279050824522304","100","1.0","0.8500000000000059","7.0"
"1.2","320","1.843249997923884","17.877935336031907","0.2830450991090814","100","0.9585950884700606","0.8839726730166018","0.0027233084496463","100","1.0","0.8500000000000383","7.0"
"1.25","320","1.8550840820849988","18.250051974250518","0.29523633896479734","100","0.9740012871612292","0.9121083205440385","0.002840954424012265","100","1.0","0.850000000000018","8.0"
"1.3","320","1.8632669347088116","18.66020479977366","0.3096022051765545","100","0.9886845920705184","0.9278308808463989","0.003982545995005848","100","1.0","0.8500000000000005","8.0"
"1.35","320","1.8681249057748655","18.898452857396226","0.3168429604411516","100","0.9932173790388755","0.953707378874211","0.0033266347856553136","100","1.0","0.8500000000000096","8.0"
"1.4","320","1.8693395327770974","19.29742034794143","0.3292557652577578","100","0.992398987184901","0.9588487298201477","0.0035673667778064024","100","1.0","0.8500000000000074","9.0"
"1.45","320","1.867409177541743","19.390065107075237","0.3311982868948148","100","0.9737650977273621","0.9167202923919172","0.0010589480504797244","100","1.0","0.8500000000000119","8.0"
"1.5","320","1.8620638901630002","19.707812517070174","0.3403921890554653","100","0.9592359484478465","0.9058646683927617","0.0013269077732098288","100","1.0","0.8500000000000005","8.0"
"1.55","320","1.8534455450619072","20.00262308043858","0.34863518298006213","100","0.9454880446681051","0.8926092979843528","0.0022017573856778936","100","1.0","0.8500000000000277","9.0"
"1.6","320","1.8415839788410013","20.386598816663184","0.3590401117154051","100","0.9499215163552445","0.8829614551936151","0.001581872296522313","100","1.0","0.8500000000000043","9.0"
"1.65","320","1.8266411710972954","20.70124580303316","0.3666806461175593","100","0.9567703827765465","0.8871750920581294","0.002229787137571204","100","1.0","0.8500000000000005","9.0"
"1.7","320","1.8086605491320085","20.95799751395672","0.3726379159406803","100","0.9712272291030657","0.901577460255048","0.002511548693611143","100","1.0","0.8500000000000164","10.0"
"1.75","320","1.7874356720505333","21.36381409209121","0.3825819974715596","100","0.9887860329157624","0.9317775021002268","0.003065193785158726","100","1.0","0.8500000000000142","9.0"
"1.8","320","1.7631847738661541","21.81859191004911","0.39269529690534405","100","0.9918898837796357","0.9306728667771835","0.002357237192957129","100","1.0","0.8500000000000074","9.0"
"1.85","320","1.736072490755877","22.058879202680092","0.3968571282304408","100","0.9886579438492263","0.9332118834404984","0.003402719145365296","100","1.0","0.8500000000000059","10.0"
"1.9","320","1.7058507428942669","22.479834800932004","0.406708068331025","100","0.985574693009046","0.9328279077210628","0.003036397533912094","100","1.0","0.8500000000000104","10.0"
"1.95","320","1.6726464608673575","22.965709592720426","0.4163568973279984","100","0.9847608607056102","0.942699886764082","0.0032725278499531997","100","1.0","0.8500000000000164","10.0"
"2.0","320","1.6365815014358862","23.320579921377124","0.42252745202297876","100","0.9722223103793286","0.9193553063028338","0.00363873151342311","100","1.0","0.8500000000000051","11.0"
"2.05","320","1.5976848053265478","23.67568971058786","0.4285978524036218","100","0.9642682743013821","0.9071051936172752","0.003993818291611539","100","1.0","0.8500000000000029","11.0"
"2.1","320","1.555831175334761","24.089902494429683","0.4357940256325945","100","0.9628452032117042","0.8973397278085243","0.003687523501550061","100","1.0","0.8500000000000059","11.0"
"2.15","320","1.510898834809863","24.683901855574312","0.44682401557559986","100","0.9635140029881494","0.9108561675425606","0.00354352377739815","100","1.0","0.8500000000000029","10.0"
"2.2","320","1.4634914981844696","24.993339943295396","0.45176700829574434","100","0.9586033228810683","0.9021362384264219","0.003563835442337293","100","1.0","0.8500000000000051","11.0"
