eta,ref_id,radius,phi_energy_raw
0.25,0,0.1,-0.0186102490507476
0.25,0,0.2,-0.0815698174839508
0.25,0,0.3,-0.1205449882028832
0.25,0,0.4,-0.1429467587385141
0.25,0,0.5,-0.1370942574681322
0.25,0,0.6,-0.1421919418207847
0.25,0,0.7,-0.1469703516195995
0.25,0,0.8,-0.1487870644417495
0.25,0,0.9,-0.1452708986457413
0.25,0,1.0,-0.1502502069268461
0.25,1,0.1,-0.0220177245170509
0.25,1,0.2,-0.0735142442969845
0.25,1,0.3,-0.1134216507293353
0.25,1,0.4,-0.1320602360118955
0.25,1,0.5,-0.13234620840999
0.25,1,0.6,-0.1379835954037896
0.25,1,0.7,-0.1396910441478389
0.25,1,0.8,-0.1420850315144818
0.25,1,0.9,-0.1470602246258172
0.25,1,1.0,-0.1505210954091121
0.25,2,0.1,-0.0208360912466621
0.25,2,0.2,-0.0672074730763617
0.25,2,0.3,-0.1117079965758806
0.25,2,0.4,-0.1299701145987816
0.25,2,0.5,-0.1323584890713485
0.25,2,0.6,-0.1409763823291705
0.25,2,0.7,-0.1401758336001634
0.25,2,0.8,-0.1409031201588006
0.25,2,0.9,-0.1441699091209248
0.25,2,1.0,-0.1474581864777196
0.25,3,0.1,-0.0164714847787011
0.25,3,0.2,-0.0679459692999859
0.25,3,0.3,-0.1129905738483614
0.25,3,0.4,-0.1360063434593456
0.25,3,0.5,-0.1354302615087198
0.25,3,0.6,-0.135777769655779
0.25,3,0.7,-0.1408596338097429
0.25,3,0.8,-0.1447468420369976
0.25,3,0.9,-0.1455723357860956
0.25,3,1.0,-0.1500498065847628
0.25,4,0.1,-0.0219773186627083
0.25,4,0.2,-0.07995487800612
0.25,4,0.3,-0.121810160512146
0.25,4,0.4,-0.1446020448693624
0.25,4,0.5,-0.1438031590653452
0.25,4,0.6,-0.1467455179634096
0.25,4,0.7,-0.1526103216640859
0.25,4,0.8,-0.1521370025053392
0.25,4,0.9,-0.1568994095695789
0.25,4,1.0,-0.1532445871251225
0.25,5,0.1,-0.0183073942873462
0.25,5,0.2,-0.0676189049102165
0.25,5,0.3,-0.1217101591428673
0.25,5,0.4,-0.1328159717435725
0.25,5,0.5,-0.1384225533874618
0.25,5,0.6,-0.1349289295696311
0.25,5,0.7,-0.1418966771782883
0.25,5,0.8,-0.1456581913492527
0.25,5,0.9,-0.1507737606698746
0.25,5,1.0,-0.1465941609604033
0.25,6,0.1,-0.0186287920298231
0.25,6,0.2,-0.0730310838424116
0.25,6,0.3,-0.1234537867487108
0.25,6,0.4,-0.1460127822925749
0.25,6,0.5,-0.149736907734776
0.25,6,0.6,-0.1492158612570778
0.25,6,0.7,-0.1493229613842807
0.25,6,0.8,-0.1474590802906866
0.25,6,0.9,-0.1476800280540965
0.25,6,1.0,-0.1492937382136996
0.25,7,0.1,-0.0182572668217373
0.25,7,0.2,-0.0792811615835298
0.25,7,0.3,-0.1290967582019048
0.25,7,0.4,-0.1416883419132621
0.25,7,0.5,-0.1465050210652405
0.25,7,0.6,-0.1503232006325068
0.25,7,0.7,-0.1468082976428722
0.25,7,0.8,-0.1449558891814799
0.25,7,0.9,-0.1501649173874005
0.25,7,1.0,-0.1530672882348143
0.25,8,0.1,-0.0213163504908226
0.25,8,0.2,-0.0691405859556997
0.25,8,0.3,-0.1090321395631187
0.25,8,0.4,-0.1307389156335284
0.25,8,0.5,-0.1332605860915746
0.25,8,0.6,-0.1394769467030438
0.25,8,0.7,-0.1370921791798488
0.25,8,0.8,-0.1414719844415622
0.25,8,0.9,-0.1436674363011426
0.25,8,1.0,-0.1509403571902725
0.25,9,0.1,-0.0189386746437963
0.25,9,0.2,-0.0615057105585199
0.25,9,0.3,-0.1178340821312681
0.25,9,0.4,-0.1390743450872307
0.25,9,0.5,-0.1448312706700413
0.25,9,0.6,-0.1457622675787927
0.25,9,0.7,-0.1480233709113212
0.25,9,0.8,-0.1495052599876339
0.25,9,0.9,-0.1518063127635996
0.25,9,1.0,-0.1524644171319741
0.3,0,0.1,-0.0281324581632969
0.3,0,0.2,-0.098000049368829
0.3,0,0.3,-0.1406380807939062
0.3,0,0.4,-0.1416456061065203
0.3,0,0.5,-0.1461106671525071
0.3,0,0.6,-0.1482616512842706
0.3,0,0.7,-0.1481634129208127
0.3,0,0.8,-0.1520308368688424
0.3,0,0.9,-0.1532504741072636
0.3,0,1.0,-0.1578362611196006
0.3,1,0.1,-0.019454399396576
0.3,1,0.2,-0.0696792370918637
0.3,1,0.3,-0.1206522646406179
0.3,1,0.4,-0.1371850459850175
0.3,1,0.5,-0.1443989791588069
0.3,1,0.6,-0.1440262527403912
0.3,1,0.7,-0.148744297224605
0.3,1,0.8,-0.1508105934359251
0.3,1,0.9,-0.1510150908661388
0.3,1,1.0,-0.157554532686296
0.3,2,0.1,-0.0185470346390043
0.3,2,0.2,-0.0716966660757043
0.3,2,0.3,-0.1114524432235426
0.3,2,0.4,-0.1368064798374678
0.3,2,0.5,-0.1416868196444216
0.3,2,0.6,-0.1489156432837941
0.3,2,0.7,-0.1481739683300866
0.3,2,0.8,-0.1499377376788467
0.3,2,0.9,-0.1517753937333548
0.3,2,1.0,-0.1535408865229465
0.3,3,0.1,-0.0170023731901382
0.3,3,0.2,-0.0720237611703593
0.3,3,0.3,-0.1213260870572053
0.3,3,0.4,-0.1424261239059074
0.3,3,0.5,-0.144438960865536
0.3,3,0.6,-0.1463917472428632
0.3,3,0.7,-0.1459477714447545
0.3,3,0.8,-0.1512950303056243
0.3,3,0.9,-0.1539524900000541
0.3,3,1.0,-0.1547894805908478
0.3,4,0.1,-0.0273580789776282
0.3,4,0.2,-0.0726112758332541
0.3,4,0.3,-0.1100532470266583
0.3,4,0.4,-0.137381124876313
0.3,4,0.5,-0.1440060778371813
0.3,4,0.6,-0.1482651760021708
0.3,4,0.7,-0.1499994375088721
0.3,4,0.8,-0.1443892504239217
0.3,4,0.9,-0.1483962619444581
0.3,4,1.0,-0.1512935556535731
0.3,5,0.1,-0.0207600297301463
0.3,5,0.2,-0.0783089880641089
0.3,5,0.3,-0.118895492555598
0.3,5,0.4,-0.1386726805531839
0.3,5,0.5,-0.1443999487501546
0.3,5,0.6,-0.1465124743328563
0.3,5,0.7,-0.1467105483506049
0.3,5,0.8,-0.1478733316363247
0.3,5,0.9,-0.1526532890782742
0.3,5,1.0,-0.152707737217502
0.3,6,0.1,-0.0214884962641562
0.3,6,0.2,-0.0801416492543643
0.3,6,0.3,-0.1136089645153801
0.3,6,0.4,-0.1277460168182236
0.3,6,0.5,-0.1427607960925252
0.3,6,0.6,-0.1467315857377352
0.3,6,0.7,-0.1462599777974257
0.3,6,0.8,-0.1460716946956658
0.3,6,0.9,-0.1523294970063285
0.3,6,1.0,-0.1546218518201822
0.3,7,0.1,-0.0227995514671229
0.3,7,0.2,-0.0776261377431856
0.3,7,0.3,-0.1270469588630053
0.3,7,0.4,-0.1356158937612712
0.3,7,0.5,-0.1448861235323043
0.3,7,0.6,-0.1491639679802088
0.3,7,0.7,-0.1503001267553491
0.3,7,0.8,-0.1532344385421992
0.3,7,0.9,-0.1535393669885347
0.3,7,1.0,-0.1561583123390497
0.3,8,0.1,-0.0212920217528709
0.3,8,0.2,-0.0718717690771062
0.3,8,0.3,-0.1130758743163384
0.3,8,0.4,-0.1382052752528476
0.3,8,0.5,-0.1373162178623778
0.3,8,0.6,-0.1431734660116102
0.3,8,0.7,-0.1492720059274102
0.3,8,0.8,-0.1498212814861831
0.3,8,0.9,-0.1481475193374844
0.3,8,1.0,-0.1539082423437504
0.3,9,0.1,-0.0268720365231503
0.3,9,0.2,-0.0753192748054881
0.3,9,0.3,-0.1154885851512536
0.3,9,0.4,-0.132397980783457
0.3,9,0.5,-0.1448625876437714
0.3,9,0.6,-0.1516209661001802
0.3,9,0.7,-0.1474851212594849
0.3,9,0.8,-0.1515717782338424
0.3,9,0.9,-0.1520628998053715
0.3,9,1.0,-0.1523830522599962
0.35,0,0.1,-0.0250290657560181
0.35,0,0.2,-0.0838803692634023
0.35,0,0.3,-0.1386599240057557
0.35,0,0.4,-0.1530921056076163
0.35,0,0.5,-0.1486428321112567
0.35,0,0.6,-0.1505024671670036
0.35,0,0.7,-0.1510497203837728
0.35,0,0.8,-0.1537033877733758
0.35,0,0.9,-0.1581304487733003
0.35,0,1.0,-0.1545402146063756
0.35,1,0.1,-0.024205555344243
0.35,1,0.2,-0.0883424264443177
0.35,1,0.3,-0.1385808398792045
0.35,1,0.4,-0.1423653867959351
0.35,1,0.5,-0.1568554421974227
0.35,1,0.6,-0.1515745444678425
0.35,1,0.7,-0.1561613206600934
0.35,1,0.8,-0.1594789180058259
0.35,1,0.9,-0.1569794430593367
0.35,1,1.0,-0.1559976714951166
0.35,2,0.1,-0.0215485336429354
0.35,2,0.2,-0.0732800757647098
0.35,2,0.3,-0.1247449764531419
0.35,2,0.4,-0.139193270853453
0.35,2,0.5,-0.149802693137761
0.35,2,0.6,-0.1527862500183971
0.35,2,0.7,-0.1567852287307223
0.35,2,0.8,-0.1580458916135458
0.35,2,0.9,-0.1494779841273829
0.35,2,1.0,-0.1561693486290561
0.35,3,0.1,-0.0258468602748983
0.35,3,0.2,-0.0866671799429274
0.35,3,0.3,-0.1356575551725171
0.35,3,0.4,-0.1407754803596574
0.35,3,0.5,-0.1526785833453394
0.35,3,0.6,-0.1487771030488924
0.35,3,0.7,-0.1546686047400231
0.35,3,0.8,-0.1507429573029407
0.35,3,0.9,-0.1555855214871067
0.35,3,1.0,-0.1558387609853182
0.35,4,0.1,-0.0246300361607644
0.35,4,0.2,-0.0813889819985253
0.35,4,0.3,-0.1365919509262838
0.35,4,0.4,-0.1493710693900478
0.35,4,0.5,-0.1542694458797461
0.35,4,0.6,-0.154654872351849
0.35,4,0.7,-0.1548052753677513
0.35,4,0.8,-0.1575177606625112
0.35,4,0.9,-0.1591920266769108
0.35,4,1.0,-0.1583775752481482
0.35,5,0.1,-0.0262629825519148
0.35,5,0.2,-0.0893810051439456
0.35,5,0.3,-0.1399937306093604
0.35,5,0.4,-0.1493535187197189
0.35,5,0.5,-0.1516632444782623
0.35,5,0.6,-0.152044973623484
0.35,5,0.7,-0.1538834990934799
0.35,5,0.8,-0.1531830448476146
0.35,5,0.9,-0.1545117008680246
0.35,5,1.0,-0.15884265008033
0.35,6,0.1,-0.0267530859106454
0.35,6,0.2,-0.0903394400944697
0.35,6,0.3,-0.1383360440690272
0.35,6,0.4,-0.1466589068877349
0.35,6,0.5,-0.1504242669124655
0.35,6,0.6,-0.1539215125013099
0.35,6,0.7,-0.1514257943535786
0.35,6,0.8,-0.1510224447484484
0.35,6,0.9,-0.1585660139518099
0.35,6,1.0,-0.1557638090250554
0.35,7,0.1,-0.020107789548269
0.35,7,0.2,-0.0841943122709915
0.35,7,0.3,-0.1279743280578964
0.35,7,0.4,-0.1491611729038054
0.35,7,0.5,-0.1439766839027898
0.35,7,0.6,-0.1509597111647964
0.35,7,0.7,-0.1505097795404511
0.35,7,0.8,-0.1567811212399865
0.35,7,0.9,-0.1537209294950931
0.35,7,1.0,-0.1587507191572762
0.35,8,0.1,-0.0197168122053842
0.35,8,0.2,-0.0663232395686155
0.35,8,0.3,-0.1243659440194597
0.35,8,0.4,-0.1513652955640229
0.35,8,0.5,-0.1574377817789015
0.35,8,0.6,-0.156795217359801
0.35,8,0.7,-0.1597077999022418
0.35,8,0.8,-0.1610783891729341
0.35,8,0.9,-0.1556311628341157
0.35,8,1.0,-0.1641478744636179
0.35,9,0.1,-0.0226303760831968
0.35,9,0.2,-0.0819191328915057
0.35,9,0.3,-0.1279873066505658
0.35,9,0.4,-0.1498307169212072
0.35,9,0.5,-0.1502936502390591
0.35,9,0.6,-0.1528958035705058
0.35,9,0.7,-0.1532838607308732
0.35,9,0.8,-0.150723115069881
0.35,9,0.9,-0.1553192995497501
0.35,9,1.0,-0.1581113434816284
0.4,0,0.1,-0.0230774198806334
0.4,0,0.2,-0.0860589587884142
0.4,0,0.3,-0.1370411061939719
0.4,0,0.4,-0.151086287061986
0.4,0,0.5,-0.1548744117259836
0.4,0,0.6,-0.1597138827305649
0.4,0,0.7,-0.1596993037631859
0.4,0,0.8,-0.1569615935604094
0.4,0,0.9,-0.1561754381522781
0.4,0,1.0,-0.1576500526391133
0.4,1,0.1,-0.0230211685378044
0.4,1,0.2,-0.0819725734863844
0.4,1,0.3,-0.1350383142374359
0.4,1,0.4,-0.1483569387130313
0.4,1,0.5,-0.1554395803474688
0.4,1,0.6,-0.1580582386905627
0.4,1,0.7,-0.1529313862397578
0.4,1,0.8,-0.1566184299396888
0.4,1,0.9,-0.1591198991585329
0.4,1,1.0,-0.1601627808879367
0.4,2,0.1,-0.0256024153369664
0.4,2,0.2,-0.1054344287045278
0.4,2,0.3,-0.1460176309174795
0.4,2,0.4,-0.15330700870513
0.4,2,0.5,-0.1627945384871029
0.4,2,0.6,-0.1623279229612939
0.4,2,0.7,-0.1613948586582179
0.4,2,0.8,-0.1592700003590431
0.4,2,0.9,-0.159720274309293
0.4,2,1.0,-0.1599904876023621
0.4,3,0.1,-0.0234357507508574
0.4,3,0.2,-0.0858115576376477
0.4,3,0.3,-0.1332066272254334
0.4,3,0.4,-0.1473329201764609
0.4,3,0.5,-0.161409634150009
0.4,3,0.6,-0.1487283792104234
0.4,3,0.7,-0.1562773404559101
0.4,3,0.8,-0.1584286983494719
0.4,3,0.9,-0.1621188958733737
0.4,3,1.0,-0.160819309621009
0.4,4,0.1,-0.023404219776889
0.4,4,0.2,-0.0850264804007697
0.4,4,0.3,-0.1431919879423275
0.4,4,0.4,-0.1619741223382254
0.4,4,0.5,-0.1553890067549708
0.4,4,0.6,-0.1594957243024292
0.4,4,0.7,-0.1512573398312998
0.4,4,0.8,-0.1565897611929582
0.4,4,0.9,-0.1566968318293213
0.4,4,1.0,-0.1606482197584107
0.4,5,0.1,-0.0207166459596167
0.4,5,0.2,-0.0923132860437501
0.4,5,0.3,-0.1389049894360737
0.4,5,0.4,-0.1558654988020676
0.4,5,0.5,-0.1516146004693969
0.4,5,0.6,-0.1513457888845872
0.4,5,0.7,-0.155510616226345
0.4,5,0.8,-0.1585061304117732
0.4,5,0.9,-0.1584560276135843
0.4,5,1.0,-0.1526394729505289
0.4,6,0.1,-0.0227320994285404
0.4,6,0.2,-0.0893757462615086
0.4,6,0.3,-0.1416405599968356
0.4,6,0.4,-0.1508100736429386
0.4,6,0.5,-0.1638688993369316
0.4,6,0.6,-0.1555943836326575
0.4,6,0.7,-0.1507759474221552
0.4,6,0.8,-0.1576950363641007
0.4,6,0.9,-0.1558229050207097
0.4,6,1.0,-0.1598471920295956
0.4,7,0.1,-0.0182335844881565
0.4,7,0.2,-0.0857576831486602
0.4,7,0.3,-0.1407258607813524
0.4,7,0.4,-0.1486451725922452
0.4,7,0.5,-0.1541472253672805
0.4,7,0.6,-0.1584805462109095
0.4,7,0.7,-0.156731679536515
0.4,7,0.8,-0.1562041539339392
0.4,7,0.9,-0.158236479430815
0.4,7,1.0,-0.1588773469689175
0.4,8,0.1,-0.0226441328326095
0.4,8,0.2,-0.0864300231075956
0.4,8,0.3,-0.1282980445172508
0.4,8,0.4,-0.1536004506245921
0.4,8,0.5,-0.1521410692373155
0.4,8,0.6,-0.1548177062275158
0.4,8,0.7,-0.156302368934861
0.4,8,0.8,-0.1530940478736446
0.4,8,0.9,-0.155956203502415
0.4,8,1.0,-0.1599076505868374
0.4,9,0.1,-0.020101370934919
0.4,9,0.2,-0.080319942788135
0.4,9,0.3,-0.1326694707039058
0.4,9,0.4,-0.1518911680552404
0.4,9,0.5,-0.1539664135054517
0.4,9,0.6,-0.1564736612621462
0.4,9,0.7,-0.1591366861524258
0.4,9,0.8,-0.1610111886348326
0.4,9,0.9,-0.1615945225527712
0.4,9,1.0,-0.1621795639204155
