eta,ref_id,n_radii,d_min,d_max,positive_curvature_mass,min_curvature,min_curvature_radius,max_curvature,max_curvature_radius
0.05,0,100,0.01,1.0,4.715875582534114,-39.034480931805554,0.87,41.086923325166374,0.89
0.05,1,100,0.01,1.0,5.119617309888418,-26.002063674958094,0.27,32.886433726975525,0.56
0.05,2,100,0.01,1.0,4.464696627030018,-24.35190686398744,0.21,68.83064871426532,1.0
0.05,3,100,0.01,1.0,5.414190299979211,-49.43998760226407,0.83,49.675874636546226,1.0
0.05,4,100,0.01,1.0,5.073074655716986,-42.99953043600793,0.89,31.23057675055516,0.73
0.05,5,100,0.01,1.0,5.718546168937152,-50.468753227183605,0.62,42.851558651488155,0.93
0.05,6,100,0.01,1.0,4.188949861466255,-26.898955384222706,0.67,31.05000729702498,0.65
0.05,7,100,0.01,1.0,3.8140900864314906,-30.141572384638543,0.62,30.879875911685033,0.37
0.05,8,100,0.01,1.0,5.185289016120434,-52.92060492264281,0.98,44.706798483342915,0.91
0.05,9,100,0.01,1.0,4.230813557696528,-27.194613648986298,0.8,32.79018259796514,0.57
0.05,10,100,0.01,1.0,5.299063166610753,-37.95971900502949,0.33,38.90589832035856,0.99
0.05,11,100,0.01,1.0,4.60980881957835,-43.15675775404984,0.97,38.37897552435799,0.99
0.05,12,100,0.01,1.0,4.715229016912156,-47.090269117535414,0.34,46.47071529444973,0.32
0.05,13,100,0.01,1.0,5.602491858733812,-50.45610481413428,0.85,52.40355123027625,0.83
0.05,14,100,0.01,1.0,3.6508060329048417,-37.86686165441198,0.82,26.138877701420355,0.87
0.05,15,100,0.01,1.0,4.126154275688266,-44.490920065040875,0.78,20.664801775152398,0.76
0.05,16,100,0.01,1.0,4.1694001077035585,-34.70330884673717,0.53,41.62178035831151,1.0
0.05,17,100,0.01,1.0,4.856555945135766,-32.300046695129375,0.88,42.89292121471098,0.9
0.05,18,100,0.01,1.0,5.121417917447135,-37.26146213367264,0.42,37.40973195344296,0.97
0.05,19,100,0.01,1.0,4.423260138722687,-35.10324184169202,0.67,37.545303287696576,0.36
0.05,20,100,0.01,1.0,4.339397702408615,-39.19745951714032,0.37,28.138410337097202,0.77
0.05,21,100,0.01,1.0,4.778888373914058,-36.60608398688826,0.88,32.109065044448585,0.83
0.05,22,100,0.01,1.0,5.074006755284511,-32.39682633511111,0.89,38.71963171446394,0.86
0.05,23,100,0.01,1.0,4.907818660713431,-45.268055397811764,0.87,40.69702409570117,1.0
0.05,24,100,0.01,1.0,5.31780196240497,-52.17164227870792,0.95,45.55496426659488,0.93
0.05,25,100,0.01,1.0,4.0890863753052304,-51.93007048779513,1.0,30.65953304907045,0.86
0.05,26,100,0.01,1.0,4.443459810734387,-29.78727301880577,0.74,27.587429589476443,0.72
0.05,27,100,0.01,1.0,5.904128769411531,-44.94191401947117,0.64,38.319208744357,0.43
0.05,28,100,0.01,1.0,5.07175006397901,-52.76285475942073,0.76,49.57134843135877,0.74
0.05,29,100,0.01,1.0,5.083260619022392,-29.53821928481569,0.81,33.41209279331997,0.71
0.15,0,100,0.01,1.0,5.453405081294323,-53.20638689945696,0.58,42.271697783826255,0.56
0.15,1,100,0.01,1.0,7.067798864136218,-58.078481463501674,0.64,62.788473033069266,0.37
0.15,2,100,0.01,1.0,5.850817832158593,-72.24727016528544,1.0,32.08927275553418,0.28
0.15,3,100,0.01,1.0,5.449019266559273,-36.35652696697035,0.73,33.76040970118145,0.45
0.15,4,100,0.01,1.0,6.38818814813242,-114.78628770786493,1.0,34.02059406730943,0.61
0.15,5,100,0.01,1.0,6.294334261400645,-43.33229891365691,0.48,40.76980330429104,0.25
0.15,6,100,0.01,1.0,6.342631364376338,-39.94764249355956,1.0,41.46554760449993,0.78
0.15,7,100,0.01,1.0,6.101167104552518,-48.93404465762781,0.37,37.269056929599216,0.54
0.15,8,100,0.01,1.0,4.586362322666033,-32.918810258060844,0.19,30.73154528664992,0.9
0.15,9,100,0.01,1.0,7.308087190068184,-44.26283857568048,0.9,38.89357160296024,0.71
0.15,10,100,0.01,1.0,5.091601455783449,-30.03186738365448,0.32,48.99549260247454,0.29
0.15,11,100,0.01,1.0,6.015564220621174,-48.015621436426954,0.54,40.65791712620777,0.89
0.15,12,100,0.01,1.0,5.566122586029905,-65.86259475578836,1.0,28.243172836467927,0.77
0.15,13,100,0.01,1.0,5.985067256092801,-33.89120947626063,0.56,33.11620228342275,0.37
0.15,14,100,0.01,1.0,4.94959368406512,-36.55119516003808,0.57,30.75053591278089,0.49
0.15,15,100,0.01,1.0,5.84229984508561,-38.54924450422549,0.39,35.42385937422147,0.32
0.15,16,100,0.01,1.0,5.676322812865516,-36.191550785376364,0.25,49.27253519002526,0.27
0.15,17,100,0.01,1.0,5.387963168748425,-47.01315813572307,1.0,35.26222413990864,0.43
0.15,18,100,0.01,1.0,7.484223856303991,-66.84861742391271,0.62,55.99096585063789,0.6
0.15,19,100,0.01,1.0,5.373839633382037,-37.170743011957676,0.49,39.753529208106386,0.51
0.15,20,100,0.01,1.0,5.0355072034389465,-26.374486784158563,0.93,33.22345216655354,0.78
0.15,21,100,0.01,1.0,5.926016307601121,-42.99169452681451,0.45,47.55067085847631,0.31
0.15,22,100,0.01,1.0,6.406689621173057,-48.43754815819522,0.46,45.06116833539102,0.29
0.15,23,100,0.01,1.0,6.301494130643024,-41.18616637982085,0.43,39.93820355743628,0.8
0.15,24,100,0.01,1.0,7.269637615833214,-47.68452113140604,0.58,43.55602949393285,0.4
0.15,25,100,0.01,1.0,5.465789994435439,-41.3530477481563,0.36,32.32527991890492,0.31
0.15,26,100,0.01,1.0,5.185879721954559,-37.87404468805346,0.3,45.83218259241377,0.25
0.15,27,100,0.01,1.0,4.609710900990202,-39.93989505971751,0.34,32.72859081353269,0.61
0.15,28,100,0.01,1.0,5.615029927026502,-35.23928143319925,0.57,31.341694621249687,0.81
0.15,29,100,0.01,1.0,7.047507739600846,-35.18416502174705,0.8,42.95716716039633,0.82
0.25,0,100,0.01,1.0,7.171409531592754,-57.256786763268195,0.24,60.629746089279735,0.26
0.25,1,100,0.01,1.0,6.387807112032984,-52.430793444317416,0.25,46.75824961911395,0.27
0.25,2,100,0.01,1.0,6.240519542208193,-35.84557968526974,0.23,42.732341516158996,0.21
0.25,3,100,0.01,1.0,5.8490834174702115,-61.94813655393395,0.29,52.30846887942562,0.36
0.25,4,100,0.01,1.0,8.223999546891335,-117.506039376389,1.0,57.19552281231803,0.44
0.25,5,100,0.01,1.0,7.017497140939964,-52.522577191378105,0.47,55.060957139490085,0.44
0.25,6,100,0.01,1.0,7.810073043326083,-57.865703626226995,0.25,64.66607648121281,0.27
0.25,7,100,0.01,1.0,9.347503904437726,-65.63977536385578,0.31,79.74670798627031,0.29
0.25,8,100,0.01,1.0,5.140319435941363,-37.23252917303649,0.39,34.570596262765214,0.37
0.25,9,100,0.01,1.0,6.014238649882308,-36.07328537409479,1.0,33.93908199730737,0.57
0.25,10,100,0.01,1.0,6.778909068291854,-43.83324899159314,0.63,48.40056608004308,1.0
0.25,11,100,0.01,1.0,6.293011226574014,-34.306595127259314,0.15,38.522410753581674,0.47
0.25,12,100,0.01,1.0,5.738271825830167,-39.778484371264184,1.0,51.27026023620874,0.28
0.25,13,100,0.01,1.0,6.810996873825827,-58.78167309368689,0.46,46.2445469816486,0.44
0.25,14,100,0.01,1.0,7.408326290920659,-34.48591163957536,0.6,42.30401011968051,0.95
0.25,15,100,0.01,1.0,6.45037860930262,-60.256482686684706,0.31,56.96944162748147,0.29
0.25,16,100,0.01,1.0,7.70848663779546,-63.78948144493577,0.25,77.2988743308711,0.38
0.25,17,100,0.01,1.0,6.112946996412461,-49.37254028251412,0.36,43.08569334347699,0.38
0.25,18,100,0.01,1.0,8.644623237939017,-75.91607494515375,0.31,75.10609790502379,0.33
0.25,19,100,0.01,1.0,7.037514313131766,-49.64205879670875,0.43,58.1404748237325,0.45
0.25,20,100,0.01,1.0,6.58532451012567,-64.08792668257595,0.38,72.95789980717419,0.2
0.25,21,100,0.01,1.0,6.513187356201786,-68.9567862800068,0.37,66.49848620184584,0.24
0.25,22,100,0.01,1.0,8.04999321996687,-91.30390169248682,0.38,64.19397258727976,0.4
0.25,23,100,0.01,1.0,5.617113210926567,-32.925321510634134,0.36,37.406517654858334,0.27
0.25,24,100,0.01,1.0,4.5133217225898115,-30.297307257700652,0.92,30.031183232073317,0.32
0.25,25,100,0.01,1.0,6.603015301706281,-73.47242614497283,0.17,89.51916829582733,0.19
0.25,26,100,0.01,1.0,5.312561105733241,-35.14997634406113,0.77,48.00465111386503,0.79
0.25,27,100,0.01,1.0,7.554989115437707,-59.56111677699968,0.38,48.14829259030509,0.61
0.25,28,100,0.01,1.0,7.265469976521479,-56.89560087760354,0.25,59.16261922156444,0.44
0.25,29,100,0.01,1.0,6.825971185202472,-68.731176701282,0.19,39.366552198451686,0.24
