eta,radius,n_refs,phi_energy_raw_mean,phi_energy_raw_sem,d_phi_energy_raw_dd_mean,d_phi_energy_raw_dd_sem,d2_phi_energy_raw_dd2_mean,d2_phi_energy_raw_dd2_sem,positive_curvature_mean
0.02,0.01,30,-0.00043901297443786337,4.545008035659621e-05,-0.00406505794272967,0.00030546254535576125,-0.22791957420114764,0.014018247082508636,0.0
0.02,0.02,30,-0.0004796635538651633,4.819763831723194e-05,-0.006344253684741147,0.00043794226259945545,-0.42038063640667916,0.022438779790077103,0.0
0.02,0.03,30,-0.0005658980481326933,5.310065866965628e-05,-0.01247267067086325,0.0007353775834442089,-0.7879110786905197,0.03600492979593658,0.0
0.02,0.04,30,-0.0007291169672824232,6.05960025452803e-05,-0.022102475258551538,0.001112489269994542,-1.0994456982997478,0.03982297679252938,0.0
0.02,0.05,30,-0.00100794755330373,7.085385824505831e-05,-0.034461584636858215,0.0014568750742153492,-1.327435520577193,0.035990660271197905,0.0
0.02,0.06,30,-0.0014183486600195833,8.383145551120534e-05,-0.048651185670095395,0.0017087925258805394,-1.426945087577391,0.031956751241033095,0.0
0.02,0.07,30,-0.00198097126670563,9.946537859992967e-05,-0.06300048638840604,0.0018737697274671392,-1.4583921841295953,0.04197893359217467,0.0
0.02,0.08,30,-0.00267835838778772,0.00011570767670202216,-0.0778190293526873,0.0020398408399593293,-1.3402747426358066,0.05566990893467468,0.0
0.02,0.09,30,-0.0035373518537593768,0.00013378977960936097,-0.08980598124112217,0.00204617831497895,-1.0806487626989956,0.10679368891133058,0.011226004987389364
0.02,0.1,30,-0.004474478012610161,0.00014998659993303387,-0.09943200460666722,0.0027747390524999064,-0.9529227345061091,0.09992915809015085,0.0
0.02,0.11,30,-0.00552599194589271,0.00017549099064410867,-0.10886443593124434,0.00239948233589634,-1.0359835010080063,0.1783314704666774,0.053284549384053886
0.02,0.12,30,-0.006651766731235046,0.00018199256669321545,-0.12015167462682733,0.0031581176105523784,-1.1164934036320098,0.18407770616928168,0.12949339272253135
0.02,0.13,30,-0.007929025438429266,0.00021247032529086196,-0.13119430400388454,0.002897060877360108,-0.8178865696227856,0.2939470165265308,0.3178476969101073
0.02,0.14,30,-0.009275652811312743,0.00021424466718067875,-0.13650940601928305,0.004695493780206135,-0.9232944441407646,0.33756450299756974,0.3548415010331934
0.02,0.15,30,-0.01065921355881494,0.0002340273934931272,-0.14966019288669982,0.005768671450650098,-0.5881532236712653,0.4134780308433563,0.6140264557134505
0.02,0.16,30,-0.012268856669046736,0.00026299425830375215,-0.1482724704927083,0.005350553980577955,0.5861521097290758,0.5910397695024153,1.5276253413603689
0.02,0.17,30,-0.013624662968669115,0.00026957237339180043,-0.1379371506921183,0.008240172073398125,-0.25941544058915106,0.6971135157043533,1.3623310336077774
0.02,0.18,30,-0.015027599682889104,0.0003168217437475815,-0.15346077930449126,0.01084401410488505,-1.121153176878682,0.8851147922247722,1.4686977124030993
0.02,0.19,30,-0.01669387855475894,0.0003778099572198691,-0.16036021422969188,0.013020681083727772,-0.348158187071781,1.0424826998708987,1.905095434311035
0.02,0.2,30,-0.018234803967482945,0.0003859829707456057,-0.1604239430459269,0.012244095261601274,-0.3153179658339862,1.1264954819846633,2.2786503842187806
0.02,0.21,30,-0.019902357415677464,0.0003642006853369665,-0.16666657354637157,0.011270300660503257,-0.2688897634490227,1.2236789919692326,2.1776458652630475
0.02,0.22,30,-0.021568135438410373,0.0003565794714338534,-0.16580173831490733,0.015106736422559244,0.9049751083848864,1.0791381503313073,2.8795247846288627
0.02,0.23,30,-0.02321839218197562,0.00038225490573147935,-0.14856707137867384,0.014072001934229816,0.48608558385090295,1.2612807716530345,2.9496521092226478
0.02,0.24,30,-0.024539476865983848,0.00042722518982649197,-0.1560800266378892,0.01217517708536102,-0.2378597180420551,1.4122099892818591,2.802001779855809
0.02,0.25,30,-0.026339992714733394,0.0003507605242868003,-0.1533242657395149,0.018192216305743764,1.5806336287464366,1.2987448516640798,3.583110319146931
0.02,0.26,30,-0.027605962180774157,0.0004601242704684723,-0.12446735406296044,0.01775393189932189,-0.12956772834817462,1.5385940562818836,3.0575900603127804
0.02,0.27,30,-0.028829339795992615,0.0004946983376660065,-0.1559156203064784,0.015837583447715606,-2.3079842627747738,1.4550063635046497,2.1999806727734383
0.02,0.28,30,-0.030724274586903726,0.00045488815304715175,-0.17062703931845596,0.01583474851039364,1.2521762426139513,1.3025804192149175,3.6245038495136215
0.02,0.29,30,-0.03224188058236174,0.00042460446865682643,-0.13087209545419973,0.015218261166795906,0.15258571011088617,1.3655515227575024,3.0613772827383285
0.02,0.3,30,-0.03334171649598772,0.00047095636719271576,-0.16757532511623868,0.01680056205310929,0.45080760962565997,1.6794845630494177,4.05180805623267
0.02,0.31,30,-0.0355933870846865,0.0003940410842758687,-0.12185594326168651,0.020823940628596816,3.4018005509893827,1.6058648727370213,5.436524040221531
0.02,0.32,30,-0.03577883536122146,0.00044696173285192173,-0.09953931409645098,0.019678640113921037,-1.1013806675470106,1.6142797807823253,3.189332344613073
0.02,0.33,30,-0.03758417336661553,0.0005458834492946809,-0.14388355661262675,0.01883378973171537,-0.6114752342189057,1.7780763608801282,3.5455281184395457
0.02,0.34,30,-0.03865650649347399,0.0005048835449869082,-0.1117688187808291,0.020863150840573903,-0.35479930911001734,1.6790133655618538,3.436634751653716
0.02,0.35,30,-0.039819549742232105,0.0003756178566190991,-0.15097954279482667,0.02116632722667582,-0.42621234213414333,1.9473771620663924,3.9013425367066534
0.02,0.36,30,-0.04167609734937053,0.0005355838064429414,-0.12029306562351158,0.022592166564360607,1.15631868626766,1.7276066189599462,4.467022836882092
0.02,0.37,30,-0.04222541105470234,0.00043255393017778724,-0.12785316906947344,0.019360536267423425,0.2652926821711719,1.787320520865018,4.101195582028959
0.02,0.38,30,-0.04423316073076,0.00042077175313042734,-0.11498721198008814,0.0194515356650946,2.0022524806166566,1.6011207466477522,4.794390130495087
0.02,0.39,30,-0.0445251552943041,0.0004611665569005894,-0.08780811945714027,0.017098675931697407,0.1541297347099485,1.5579585115130716,3.6569395253242005
0.02,0.4,30,-0.04598932311990281,0.00041426603867589126,-0.11190461728588916,0.01866289212747452,0.07391440581028448,1.3125293874957913,2.7880665644548417
0.02,0.41,30,-0.046763247640021884,0.000526246680865906,-0.08632983134093485,0.019049848055130686,-1.1060159576922965,1.7102341008163335,2.8928364255318892
0.02,0.42,30,-0.04771591974672151,0.0004839471032581341,-0.13402493643973548,0.02161983944816037,-0.6515894321750193,1.9931634788423802,3.806014672708635
0.02,0.43,30,-0.04944374636881659,0.000528454565424963,-0.09936161998443524,0.023599451514049845,3.582173835151903,1.8061790070792783,5.946241075325184
0.02,0.44,30,-0.04970315214641022,0.00041740726760625384,-0.06238145973669736,0.023348262030935846,0.45299347998875444,1.8958262619603405,4.216502178394461
0.02,0.45,30,-0.05069137556355053,0.0004206215738665085,-0.09030175038466015,0.022509440541901272,-1.8180372563471878,2.394152194582522,4.192061060554048
0.02,0.46,30,-0.05150918715410342,0.0005263203098811971,-0.09874220486364114,0.029549099022849377,-0.2539038245240247,2.210375413615645,4.696511254522658
0.02,0.47,30,-0.05266621966082334,0.0004890538898669523,-0.09537982687514068,0.025463762793860346,2.3010336552083483,2.7410536515166672,7.701721270397592
0.02,0.48,30,-0.05341678369160623,0.00038684559516191685,-0.05272153175947406,0.029652268172299476,0.6861813272787266,2.0199254072699193,4.580642375008813
0.02,0.49,30,-0.05372065029601281,0.0004335240880153197,-0.08165620032956614,0.022346053930837675,-4.559814093534909,2.74595617089572,4.106071192551573
0.02,0.5,30,-0.05504990769819757,0.0005467158007522068,-0.1439178136301723,0.031374749945282984,-0.03203952440529664,2.1891915645481594,4.662091215186579
0.02,0.51,30,-0.05659900656861628,0.0005738298337548074,-0.08229699081767207,0.027230728069581406,6.5541701113690385,2.75873379392533,9.926850147723068
0.02,0.52,30,-0.056695847514551,0.00047118807324821976,-0.012834411402791429,0.03008630519926125,1.9760448716997605,2.7149481903419934,6.9552579648109765
0.02,0.53,30,-0.0568556947966721,0.0005800598329418066,-0.04277609338367683,0.034857363455505906,-4.203844294545028,2.6309809358383185,3.7644270848032013
0.02,0.54,30,-0.05755136938222453,0.000650752981366943,-0.09691129729369206,0.03173175201994197,-4.102063400900705,3.1571779823439377,4.863249159349904
0.02,0.55,30,-0.05879392074254595,0.000500440301845761,-0.12481736140169099,0.03316477970940528,0.8440401915929202,2.4303047608458974,5.683093725968916
0.02,0.56,30,-0.06004771661025836,0.0004876540569214355,-0.08003049346183365,0.02686289166263249,1.8096165790655827,2.682217972337779,6.831106811411772
0.02,0.57,30,-0.06039453061178262,0.0005404658035633395,-0.08862502982037891,0.028617246495458062,1.3325025844349303,2.540956520739113,5.852050646920625
0.02,0.58,30,-0.06182021720666596,0.000526566571209251,-0.05338044177313468,0.03130684627851736,0.4844959068555715,2.4821710607963987,5.718927194055248
0.02,0.59,30,-0.06146213944724531,0.000511468321458943,-0.07893511168326747,0.027304974144206223,-0.922855892418278,2.701414687469598,5.42631748779798
0.02,0.6,30,-0.0633989194403313,0.0004845830387254506,-0.07183755962150025,0.030556318881395855,2.4309652274329157,2.270975661816283,6.576765209811062
0.02,0.61,30,-0.06289889063967531,0.0005127768420595361,-0.030315807134609105,0.025268533562150104,-1.0054705504712311,2.8132594257665384,5.552408121561184
0.02,0.62,30,-0.06400523558302348,0.000507898006171109,-0.0919469706309249,0.03434616509634226,-1.993816949782157,2.5339342131048816,4.609764083769522
0.02,0.63,30,-0.06473783005229382,0.0005598245648447373,-0.07019214613025228,0.0335121429333408,1.2644287919356811,2.6889704725976458,6.609085642301401
0.02,0.64,30,-0.06540907850562853,0.0005986746708864349,-0.06665839479221125,0.024826556775149937,1.6192363621058161,2.7524901554175383,7.223533276501516
0.02,0.65,30,-0.06607099794813806,0.00047676274438136757,-0.037807418888135914,0.031876767003715015,0.218591322661414,2.82485467373517,6.4225318626745524
0.02,0.66,30,-0.06616522688339126,0.0005867978196959647,-0.062286568338982974,0.03995504564685052,-1.0494111508267419,2.919720876541804,6.082277168934953
0.02,0.67,30,-0.06731672931491771,0.0007126303452593228,-0.05879564190467078,0.03374812779794462,-0.0876444386544455,3.6187470635427683,8.297997698512157
0.02,0.68,30,-0.06734113972148467,0.0005313381909708481,-0.06403945711207189,0.03740905039626189,-1.2266714278555009,3.0567526406785306,5.724753606214306
0.02,0.69,30,-0.06859751845715913,0.0005117589252215516,-0.08332907046178052,0.03471311808478547,1.0447259912561695,2.523159676830352,5.947639768837235
0.02,0.7,30,-0.06900772113072026,0.00047633424433428075,-0.04314493728694793,0.027428103589494813,1.005776589988362,3.0780943215368466,7.439833231002046
0.02,0.71,30,-0.06946041720289808,0.0004583194954444356,-0.06321353866201326,0.035453181565161494,-1.6635541341769,2.816096766418864,5.342515476347676
0.02,0.72,30,-0.07027199190396054,0.0006028328851386787,-0.07641601997048597,0.03508148860018371,0.5415503590331473,2.5275326933205253,5.441945996773474
0.02,0.73,30,-0.0709887376023078,0.0005375763061856287,-0.0523825314813503,0.027471509765306785,1.113914070776585,2.9308401858036377,7.230849751025604
0.02,0.74,30,-0.07131964253358754,0.0005924793087116072,-0.05413773855495425,0.03232726080268009,-0.6255963504320552,2.499040809043258,4.88319701350457
0.02,0.75,30,-0.07207149237340689,0.0005142736567063792,-0.06489445848999141,0.031540123653062,0.8580834154572238,2.660528245160876,5.809230974366794
0.02,0.76,30,-0.07261753170338739,0.0006445382335354337,-0.03697607024580975,0.03164798142161109,0.07635862696063463,3.1257204995766585,6.519817161375797
0.02,0.77,30,-0.0728110137783231,0.0004800139815514945,-0.06336728595077873,0.03932659321821134,-1.6622856818861524,2.9461695723045485,6.060966835909609
0.02,0.78,30,-0.07388487742240295,0.0005285524160961775,-0.07022178388353283,0.03682715300285747,0.0990894036686503,3.3901407265883887,7.0395057854813485
0.02,0.79,30,-0.07421544945599373,0.000631871359190358,-0.06138549787740572,0.037176795140900186,1.8496921851127908,3.3308446367086013,7.7460510406065
0.02,0.8,30,-0.07511258737995107,0.00047310007580778145,-0.03322794018127698,0.04024860977079511,1.0611146241909877,3.090991030654485,7.294130646577087
0.02,0.81,30,-0.07488000825961928,0.0006611010643760785,-0.04016320539358596,0.03627578630701808,-2.1771870915409703,3.0221801054976263,4.894978704666355
0.02,0.82,30,-0.07591585148782275,0.0006171414892070591,-0.07677168201209585,0.030371176932914076,-0.737614052348571,3.293136478553843,6.3288849338134865
0.02,0.83,30,-0.07641544189986119,0.00046705594049032306,-0.05491548644055667,0.03943123725929954,1.6482908797867617,2.67188482051991,6.598778532714268
0.02,0.84,30,-0.07701416121663389,0.0006591391512031646,-0.04380586441636058,0.03216711974827367,2.500058434143019,3.394050755725238,9.179057283583763
0.02,0.85,30,-0.0772915591881884,0.000565884345651814,-0.004914317757696246,0.03861643556671151,-1.4765179960173442,2.9090974238364318,5.468871071127151
0.02,0.86,30,-0.07711244757178783,0.0005916642641205941,-0.07333622433670749,0.03759870543615736,-5.044326898569434,3.2780569934585837,5.087968278430215
0.02,0.87,30,-0.07875828367492256,0.0006101326731893268,-0.10580085572908499,0.03342627415308841,2.4346430958820418,3.4634570320738205,8.65941860741686
0.02,0.88,30,-0.07922846468636952,0.0004934264724575394,-0.024643362419066617,0.04263596949880962,4.463219016293885,2.7109855873220408,8.416538434325089
0.02,0.89,30,-0.0792511509233039,0.000555837855181272,-0.01653647540320723,0.03215925904267273,0.05901070200914947,3.6206133387596093,7.466613011061535
0.02,0.9,30,-0.07955919419443366,0.0005623745648291748,-0.023463148378883622,0.03906481895052472,-3.3636690279499506,2.775880445668409,4.45750376726704
0.02,0.91,30,-0.07972041389088155,0.0005961117811309959,-0.08380985596220629,0.03202566052463272,-2.4633515598903295,3.2703089705751616,6.328429115854222
0.02,0.92,30,-0.0812353913136778,0.0006371940406681109,-0.07273017957669027,0.03567137795888079,4.0308503590289595,3.2144374121856107,9.327868020520041
0.02,0.93,30,-0.08117501748241536,0.0006010215799211923,-0.0031928487816270373,0.04409343373970084,0.4762210923019181,3.3716884888742644,7.473714952339892
0.02,0.94,30,-0.08129924828931032,0.0006846727983359488,-0.0632057577306505,0.0406405609968605,-4.7979034907860525,3.711031535609544,6.059109922774496
0.02,0.95,30,-0.0824391326370284,0.0005501443447381327,-0.09915091859734737,0.040005367830479206,0.059087618243397935,3.2577467166387333,7.229430268658194
0.02,0.96,30,-0.08328226666125728,0.0004527247749280688,-0.06202400536578254,0.037605761880733314,4.511681928081869,3.198855217048572,9.575579966083952
0.02,0.97,30,-0.08367961274434405,0.0006853708856378365,-0.008917280035709916,0.035622947952415815,3.6746471681545234,3.736057797335691,10.170278254972569
0.02,0.98,30,-0.08346061226197146,0.0006180787591550308,0.01146893799730799,0.04708835834466905,-1.900636117165965,3.3261006732381015,6.4023064881187155
0.02,0.99,30,-0.08345023398439788,0.0005540802061197816,-0.046930002379029244,0.04351587014132809,-5.318338525636231,5.451153548832576,9.114289964723731
0.02,1.0,30,-0.08439921230955205,0.0007149328963652096,-0.09489783251541671,0.0797096143232279,-4.796783013638744,6.288858358163542,11.143602165071155
0.05,0.01,30,-0.0005903433385683833,8.950730313129201e-05,-0.005468649914841393,0.000678925373080916,-0.31972124904366966,0.028205249805092557,0.0
0.05,0.02,30,-0.0006450298377168,9.587163449266971e-05,-0.008665862405278089,0.0009544653555004688,-0.5900362071587414,0.041254989687081176,0.0
0.05,0.03,30,-0.0007636605866739533,0.00010730381369990281,-0.017269374058016217,0.0014823330330153393,-1.1074961952287095,0.05593289529321441,0.0
0.05,0.04,30,-0.00099041731887713,0.0001231891638214569,-0.03081578630985228,0.0020102920941417004,-1.539522036152668,0.05190554639239309,0.0
0.05,0.05,30,-0.0013799763128709967,0.0001432622393441201,-0.04805981478106959,0.002381081466296868,-1.8389513959138726,0.04769171560431035,0.0
0.05,0.06,30,-0.0019516136144985233,0.0001651598328200064,-0.06759481422812973,0.002511620953108845,-1.9617537065676132,0.04338389070446587,0.0
0.05,0.07,30,-0.0027318725974335998,0.0001862638142218139,-0.08729488891242186,0.0025017585735775047,-1.9788003983854916,0.05651285613737643,0.0
0.05,0.08,30,-0.00369751139274696,0.00020767530384117397,-0.10717082219583955,0.0027404889225363365,-1.9209265675043905,0.12072086882273124,0.0
0.05,0.09,30,-0.004875289041350394,0.00022868388194596283,-0.12571342026250965,0.003685243268238178,-1.7837197336627713,0.15760141885982087,0.019182996349517516
0.05,0.1,30,-0.006211779797997157,0.0002598693081629796,-0.142845216869095,0.004537767208966473,-1.6251704877796065,0.21267001252741344,0.04301228481349616
0.05,0.11,30,-0.007732193378732307,0.00029172670354401495,-0.15821683001810177,0.004185615371241193,-1.1670636321038352,0.39618371080451004,0.3309269268099203
0.05,0.12,30,-0.009376116398359197,0.0002976045257622944,-0.16618648951117168,0.0058773152933409775,-1.1287314631195888,0.40489335264543785,0.4583377125494733
0.05,0.13,30,-0.011055923168955727,0.00033622971753779135,-0.1807914592804936,0.006698353954278563,-1.9756859074497939,0.5832843500353654,0.5228453385580155
0.05,0.14,30,-0.012991945583969067,0.0003506451022167935,-0.20570020766016758,0.008355982352018307,-1.4939707591070785,0.7740592133643488,1.0474124189052745
0.05,0.15,30,-0.01516992732215908,0.0004000219603488702,-0.2106708744626352,0.010182108820304521,-0.4750041488171675,0.9188761941609942,1.8346480101002902
0.05,0.16,30,-0.01720536307322177,0.00036814753888386525,-0.21520029063651094,0.012030054410711621,-0.30286583268514466,0.7779511398698071,1.6078624935247146
0.05,0.17,30,-0.0194739331348893,0.0004050586327854201,-0.2167281911163381,0.01034648540469569,-0.09371975054592223,1.0708726608178911,2.3592763860383257
0.05,0.18,30,-0.02153992689554853,0.0004592853204455408,-0.21707468564742938,0.01335353616729045,-0.3776329944586506,1.0328632467598884,2.222204359177504
0.05,0.19,30,-0.02381542684783789,0.0004664408079119427,-0.22428085100551112,0.013617030423698176,1.6580829696993378,1.3780827755541725,3.9021906264233013
0.05,0.2,30,-0.026025543915658752,0.000505014025003742,-0.18391302625344258,0.01840792578622252,0.8012139008770922,1.2551869702961482,3.038710023775285
0.05,0.21,30,-0.027493687372906733,0.0005367742876420425,-0.2082565729879691,0.017561949740281486,-4.045346458204287,1.6079443571787446,1.7612071382956063
0.05,0.22,30,-0.03019067537541814,0.0005999090440062828,-0.2648199554175284,0.01850597830860632,-0.8863110257146173,1.9974622006113985,3.728906063773407
0.05,0.23,30,-0.032790086481257315,0.00054281443239868,-0.22598279350226144,0.025166833041629266,1.2966972229501625,1.5239035569212391,4.154791653103403
0.05,0.24,30,-0.03471033124546337,0.0005268217842481726,-0.23888601095852502,0.0177124239981241,-0.2416214337078647,2.167071092947489,4.589752209473683
0.05,0.25,30,-0.037567806700427815,0.0005175756273342471,-0.2308152221764187,0.022846938076291852,1.138079923202647,1.760743875275646,4.341316549873019
0.05,0.26,30,-0.039326635688991765,0.0006647601298337591,-0.21612441249447206,0.022679864546931914,2.207743219160138,1.9930836783353758,5.43851625727409
0.05,0.27,30,-0.04189029495031726,0.0006221940407868522,-0.18666035779321588,0.02175452955746906,3.7060438904494153,2.018354930732155,6.381355950058611
0.05,0.28,30,-0.04305984284485607,0.0005898487164018479,-0.14200353468548368,0.026006937831685457,-0.960704369055527,2.0066379384381525,3.9392639291422
0.05,0.29,30,-0.04473036564402692,0.0005915501470125441,-0.2058744451743258,0.024748720395406827,-1.868354119691874,2.2707730621683706,4.083308913944478
0.05,0.3,30,-0.047177331748342585,0.00057569906754124,-0.17937061707932062,0.027561773053598235,0.49326648468138606,2.044322463785237,4.624668842607488
0.05,0.31,30,-0.04831777798561334,0.0006172775592696669,-0.19600911548069805,0.02490791788224083,-1.8989357510830713,2.0527074850726703,3.6318203715505555
0.05,0.32,30,-0.05109751405795655,0.0006748573534804405,-0.21734933210098203,0.0219962846563007,4.005270069719519,2.24402360065368,6.6342433712666535
0.05,0.33,30,-0.05266476462763299,0.0005971916023758167,-0.11590371408630758,0.027010304943267588,3.4286817536487875,2.285130180171363,6.736778383528209
0.05,0.34,30,-0.05341558833968271,0.0005685012049423324,-0.14877569702800622,0.03056854898542304,-4.837483804720327,2.544813187674157,2.6914826189447845
0.05,0.35,30,-0.055640278568193084,0.0005655980436744901,-0.21265339018071375,0.03175500989132499,1.4334198541078067,2.6083127249220595,6.720241850710944
0.05,0.36,30,-0.057668656143296984,0.0005987128106190944,-0.12010729994584932,0.031334205758678804,4.991454601347083,2.97116684033886,9.334672486638317
0.05,0.37,30,-0.058042424567110076,0.0007631520711579543,-0.112824298153772,0.03363511912719937,0.3820019869713866,2.9725658928566516,6.553011346910895
0.05,0.38,30,-0.05992514210637241,0.0006560681472349165,-0.11246726020642159,0.033052868885458386,-0.7185548044731234,2.5224661932336265,5.543759955587787
0.05,0.39,30,-0.06029176977123851,0.0004332830664276913,-0.12719539424323448,0.023100363580446166,-2.3580252137205098,2.4675771183392317,4.211192493379165
0.05,0.4,30,-0.06246904999123712,0.000546413038126517,-0.15962776448083182,0.02543923066417524,2.503551624000887,2.0336104435495597,5.948525663158006
0.05,0.41,30,-0.06348432506085513,0.0006069392728610121,-0.07712436176321745,0.028286553459863438,3.1334277355397604,2.2945622488725204,6.674703528333748
0.05,0.42,30,-0.06401153722650146,0.0006493775934154568,-0.09695920977003732,0.02814927658811162,-3.0728045317742043,2.612878264602644,4.262269588157048
0.05,0.43,30,-0.06542350925625588,0.0006052745811594101,-0.13858045239870162,0.029375504479669884,0.7101181509348841,2.345759716243289,5.373227674606633
0.05,0.44,30,-0.0667831462744755,0.0005607799809048023,-0.08275684675133961,0.028281572592878307,2.559584102174703,2.1195179464477794,6.095350164688563
0.05,0.45,30,-0.06707864619128268,0.0006682368935328767,-0.08738877035520749,0.026027634510673622,-0.5677320646436191,2.555707730205217,5.2432419500267615
0.05,0.46,30,-0.06853092168157965,0.0006361249682426684,-0.094111488044212,0.029654542628167205,0.1450292233539035,2.311384097231399,5.006973812299232
0.05,0.47,30,-0.06896087595216692,0.0005863954496073598,-0.08448818588812951,0.02787150536464985,-1.6822234649548105,2.3692576690229994,4.324948334546758
0.05,0.48,30,-0.07022068539934226,0.0006713898273166579,-0.12775595734330847,0.02650830776203208,0.6903513403196985,2.540280276540452,5.717986767165535
0.05,0.49,30,-0.0715159950990331,0.0005648737926133669,-0.07068115908173553,0.032709543678568626,4.261600512056274,2.5429401780011363,7.532664355819198
0.05,0.5,30,-0.07163430858097697,0.0005255307077388612,-0.04252394710218291,0.03038171754080147,0.3529340077716891,2.431974002185484,5.572886980897687
0.05,0.51,30,-0.07236647404107674,0.0006029262540140289,-0.06362247892630174,0.02513647399219226,-3.01539734263389,2.6109792385110935,4.174041023562369
0.05,0.52,30,-0.07290675815950301,0.0006513192871478485,-0.10283189395486075,0.03158647298700662,-0.8006307003963218,2.1087476068246245,4.306071551437572
0.05,0.53,30,-0.07442311192017396,0.0006509973901817125,-0.0796350929342282,0.025695588292776957,1.6165619717058513,2.7392677762063298,6.44163981561285
0.05,0.54,30,-0.07449946001818757,0.00044147680262883286,-0.0705006545207437,0.030738996057290094,-0.6221029881872232,2.421353766158879,5.148866874078404
0.05,0.55,30,-0.07583312501058885,0.00047943666482729437,-0.09207715269797266,0.031432171779412744,-0.8746617207558642,2.2899788725637364,4.641730613197811
0.05,0.56,30,-0.07634100307214702,0.000590391152904416,-0.08799388893586099,0.02592613110315218,1.7354316588589722,2.2414434913940364,5.883128070364479
0.05,0.57,30,-0.07759300278930605,0.0005636312267821026,-0.05736851952079366,0.02120301197973983,2.466953042137947,2.2523642651720532,6.357216200656197
0.05,0.58,30,-0.07748837346256289,0.0006152938959904742,-0.03865482809310241,0.028228395257529664,-2.361956431158338,2.269226733633953,3.555315866540695
0.05,0.59,30,-0.07836609935116809,0.0005859676562898595,-0.10460764814396045,0.03022913963367992,-1.8811322312388257,2.2860225514484074,3.860825640877798
0.05,0.6,30,-0.07958052642544211,0.0003215228710323822,-0.07627747271787895,0.024609596623996956,4.35620298445853,2.65209685929024,8.157065969807375
0.05,0.61,30,-0.07989164880552567,0.0005575029746419376,-0.01748358845478978,0.031713160905119275,3.543921933879446,1.8983983294397901,6.1940587286327515
0.05,0.62,30,-0.0799301981945379,0.0005854425753031818,-0.0053990340402899776,0.029675286388844126,-2.0732808354708876,3.0041406820016308,4.670070533450217
0.05,0.63,30,-0.07999962948633146,0.0005691457830677255,-0.05894920516420756,0.032850758816573046,-4.036328508208039,2.6946954963106116,3.768965788822015
0.05,0.64,30,-0.08110918229782205,0.000490407794708489,-0.08612560420445084,0.031316974311035924,-0.8124476627800498,2.925222049981529,5.930586036845651
0.05,0.65,30,-0.08172214157042049,0.0006106226779727138,-0.07519815841980856,0.03385261851142723,2.4572667911591752,2.713639831705372,6.731298868608887
0.05,0.66,30,-0.08261314546621822,0.0005144078008277372,-0.0369802683812673,0.03182452714800176,1.1328960138841455,2.771210012832249,6.528870464942369
0.05,0.67,30,-0.08246174693804582,0.0005333935427387534,-0.05254023814212564,0.02788489303537257,-3.048682528191987,2.3980979785500316,3.772860630621017
0.05,0.68,30,-0.08366395022906074,0.00045406343569643416,-0.09795391894510709,0.02674570579645999,0.974577899017825,2.307538994288244,5.443466379991281
0.05,0.69,30,-0.08442082531694796,0.00047167559444876036,-0.033048680161770455,0.024455408895503537,3.672355747402096,2.118187773881706,6.382154025831428
0.05,0.7,30,-0.08432492383229614,0.0004335097047356024,-0.024506803997066135,0.02808919386293931,-0.6843638644205904,1.851514879596696,3.7963251225172248
0.05,0.71,30,-0.08491096139688928,0.000471029273939335,-0.04673595745018228,0.023464857948344266,-2.422941481782061,2.67308693539292,3.9948065171537963
0.05,0.72,30,-0.08525964298129977,0.0005094119667318719,-0.0729656336327074,0.03171778880976249,-1.6986447905071669,2.43556564839831,4.077961833674268
0.05,0.73,30,-0.08637027406954344,0.00044496175197748393,-0.08070885326032565,0.03103540894465207,0.8982531774726487,2.4101095993958497,5.510961172385977
0.05,0.74,30,-0.08687382004650629,0.0004449603392882237,-0.055000570083254416,0.026952629150583492,2.0219686132959045,2.801303365406668,6.367106170623958
0.05,0.75,30,-0.08747028547120853,0.000453419373203659,-0.040269480994407525,0.03232172543231498,1.5434143702445033,2.519557424897488,6.428775558167337
0.05,0.76,30,-0.08767920966639446,0.0005729079052955472,-0.024132282678364318,0.0280529960716103,-0.28870326684605757,3.266593492955838,6.8493301018126145
0.05,0.77,30,-0.08795293112477581,0.00041392429868229177,-0.04604354633132869,0.041493550785001845,-0.4896478602068253,2.5251218243557987,5.349443572856353
0.05,0.78,30,-0.08860008059302102,0.0006408671304492849,-0.03392523988250084,0.02678508190019938,2.353737180085707,3.399329992243689,8.850149948276108
0.05,0.79,30,-0.08863143592242582,0.0004294115981159008,0.0010311972703854865,0.03684903738778315,0.6127420310008264,2.495342824362128,5.887021697326988
0.05,0.8,30,-0.0885794566476133,0.000578934567787555,-0.021670399262484288,0.033903588027894616,-3.6796082262430105,3.0514485654559937,5.212027576669981
0.05,0.81,30,-0.08906484390767552,0.0005920823605238253,-0.07256096725447478,0.031999224163536136,-2.0492819637266555,3.3881292045789313,6.235486060381183
0.05,0.82,30,-0.09003067599270279,0.0005706305420702528,-0.06265603853701789,0.04301920186262184,0.42158321747109395,2.771546070581762,6.12650385371828
0.05,0.83,30,-0.09031796467841587,0.0007094447116682651,-0.06412930290505309,0.0326480583846293,0.0916707977659892,3.7977788531666636,7.663000729948587
0.05,0.84,30,-0.09131326205080385,0.0006535187013897492,-0.060822622581698106,0.03933893570395842,2.088927003345823,2.8032921846342727,7.593818440532022
0.05,0.85,30,-0.09153441713004984,0.0005758692319710933,-0.022350762838136595,0.03395313188700527,2.25404436705301,3.1879454429274863,7.785926151758046
0.05,0.86,30,-0.09176027730756658,0.000641146780881972,-0.015741735240637864,0.03873569463907845,-0.9350255605473771,3.0734883135375486,6.279020030140928
0.05,0.87,30,-0.09184925183486259,0.0006340373522639293,-0.041051274049084145,0.03684043382647473,-2.6955223784490934,3.8407084386257315,7.375932775944611
0.05,0.88,30,-0.09258130278854827,0.0005793630830433141,-0.06965218280961978,0.048958701183162145,-1.0277978576931726,3.1789751487565416,6.47612000710484
0.05,0.89,30,-0.09324229549105499,0.0006980863668885201,-0.06160723120294763,0.03437142979876938,0.6539090729415818,4.287967408211859,10.292072981578627
0.05,0.9,30,-0.0938134474126072,0.0004897809660221612,-0.056574001350788126,0.044324654378588235,-1.3271364747654908,2.9330759312711736,5.857881288299593
0.05,0.91,30,-0.09437377551807075,0.0005244991371859875,-0.08814996069825747,0.035103890870094204,-1.5194148167746746,3.3785995606241315,6.457471606802214
0.05,0.92,30,-0.09557644662657236,0.0005976412017274007,-0.08696229768628164,0.03259664738532722,4.543050802056306,3.2799162564881414,9.382129841524723
0.05,0.93,30,-0.09611302147179639,0.00044967779058398597,0.002711055342868744,0.03739180550915801,4.454738345503096,2.833478976247185,8.152690401576278
0.05,0.94,30,-0.09552222551971501,0.0006065312553045005,0.002132469223780872,0.033032489254630475,-2.8483416009629745,2.8962755058121457,4.69662325842495
0.05,0.95,30,-0.09607037208732079,0.0006482807868673537,-0.054255776676391115,0.03150997125197826,-2.277608727694889,3.1456981113398927,5.167013178730999
0.05,0.96,30,-0.09660734105324283,0.0004486907578879785,-0.043419705330116944,0.03677429082772259,2.43148926637019,2.3177136940530314,6.348418299848809
0.05,0.97,30,-0.09693876619392312,0.0007536823593541454,-0.005625991348987272,0.02839514797415403,-1.1530950175365924,3.5199128126459924,6.712564412441785
0.05,0.98,30,-0.09671986088022258,0.0005152386908371186,-0.06648160568084881,0.04190995693719195,-4.885764183023683,2.9917114332674015,4.059895616872408
0.05,0.99,30,-0.09826839830754011,0.0005851094667165582,-0.10334127500946103,0.04016889704107559,0.7326399196840211,4.551886194187068,10.440320569408382
0.05,1.0,30,-0.0987866863804118,0.0005602587923631612,-0.05182880728716837,0.07038260369412455,5.15124677222926,5.072851825209487,13.49677563643247
0.15,0.01,30,-0.0008136144474818966,0.00011929620068844968,-0.017964854587605345,0.0013522974846741744,-1.0782187424794796,0.04746938077316899,0.0
0.15,0.02,30,-0.0009932629933579501,0.0001317600908056988,-0.028747042012400144,0.001773587893848062,-1.891063256510925,0.0678900419282371,0.0
0.15,0.03,30,-0.0013885552877299133,0.00015223663917712907,-0.05578611971782384,0.002561807087953677,-3.146350175969965,0.07935705410340568,0.0
0.15,0.04,30,-0.002108985387714437,0.0001790370966235129,-0.09167404553179943,0.0031539136778451758,-3.6987594069019996,0.07140549924649671,0.0
0.15,0.05,30,-0.0032220361983658933,0.0002096307483905284,-0.12976130785586384,0.0035320030865969754,-3.8027267375910583,0.08621464388155457,0.0
0.15,0.06,30,-0.0047042115448317065,0.00024181740494686434,-0.1677285802836206,0.004031775297615924,-3.657227766969434,0.16660996915966958,0.0
0.15,0.07,30,-0.006576607804038306,0.0002802002597160685,-0.20290586319525253,0.005018912389098771,-3.522510354021729,0.2709787619204692,0.01067123307021305
0.15,0.08,30,-0.008762328808736756,0.00031997800450795337,-0.23817878736405518,0.006502214588062916,-4.28523524190977,0.46477736185972984,0.0
0.15,0.09,30,-0.011340183551319404,0.0003794174993883591,-0.28861056803344787,0.008770722771560177,-3.646597266238152,0.5342356040153465,0.23576248776741196
0.15,0.1,30,-0.014534540169405722,0.000414490013821041,-0.31111073268881817,0.008223651290118995,-1.321921515382275,0.7427923383226392,1.1297256171907861
0.15,0.11,30,-0.017562398205095774,0.00041538002772468466,-0.3150489983410934,0.009188806888865276,-2.8314629759418124,0.7483226895676768,0.5695737527579622
0.15,0.12,30,-0.020835520136227585,0.0004395066155303868,-0.3677399922076544,0.013897582047362201,-3.815965708021325,1.1179669951804247,0.9352284078636718
0.15,0.13,30,-0.024917198049248867,0.0006193744269467994,-0.3913683125015199,0.017267889313805844,0.20007378910222517,1.4802058864282808,3.3126512340471077
0.15,0.14,30,-0.02866288638625799,0.0006434787058623527,-0.3637385164256099,0.021244952424264895,-0.4710245921340525,1.7478290372913141,3.8502164964066066
0.15,0.15,30,-0.03219196837776106,0.0007588779471179295,-0.4007888043442007,0.02402683025218079,-2.4343785289039985,1.7506918284525606,2.53583184745998
0.15,0.16,30,-0.036678662473142,0.0007750744972747318,-0.41242608700368977,0.02377462297112865,0.306055886595123,2.0820118426835887,4.95598753575473
0.15,0.17,30,-0.040440490117834876,0.0007895945109385142,-0.3946676866122983,0.024349759700606516,-2.6695885277009173,2.3817739961503284,4.08789330581004
0.15,0.18,30,-0.04457201620538796,0.0007033576394612442,-0.4658178575577079,0.0299020791250202,-2.910125767850558,2.2238195947573884,3.397639900524452
0.15,0.19,30,-0.04975684726898903,0.0008330264415398819,-0.4528702019693092,0.027826647696274624,1.112574716656436,2.76710500263228,6.537098918069551
0.15,0.2,30,-0.05362942024477416,0.0008341139055667338,-0.4435663632245791,0.032655609058624635,0.053150606919851975,2.5161008920257744,5.791478441832205
0.15,0.21,30,-0.0586281745334806,0.0008824051675673701,-0.4518071898309121,0.032199689529775574,2.2589900530822695,2.7710432841723542,7.423146910998049
0.15,0.22,30,-0.0626655640413924,0.0007831134695613024,-0.39838656216293356,0.02914034100269974,1.4443038206458236,2.64609654917652,6.2533650011465935
0.15,0.23,30,-0.06659590577673928,0.0008516099847826638,-0.4229211134179956,0.03470504006119981,-0.6222028154083447,2.5021186337128767,4.886395143604645
0.15,0.24,30,-0.07112398630975232,0.0009175313469840528,-0.4108306184711006,0.030729779266116124,2.6282526333899416,2.7339735675272574,7.784211112771348
0.15,0.25,30,-0.07481251814616127,0.0009037557098786412,-0.3703560607501967,0.03307295022689811,4.240882995572452,3.4439857986945075,9.976899903673319
0.15,0.26,30,-0.07853110752475626,0.000908772906005592,-0.32601295855965146,0.047956434833825494,3.695077176957838,2.9995229098540253,8.372698196422263
0.15,0.27,30,-0.08133277731735432,0.001099044698651934,-0.2964545172110399,0.03963907834641951,0.7168337915520581,4.009964046207393,9.103887719906846
0.15,0.28,30,-0.08446019786897704,0.0008103933952412811,-0.3116762827286103,0.04582784031489539,-0.7070004640305836,3.6031215094762086,7.45057724208726
0.15,0.29,30,-0.0875663029719265,0.0009042931202701304,-0.31059452649165153,0.04142661482645528,3.1372814268169105,3.988613278330157,10.184502858276002
0.15,0.3,30,-0.09067208839881008,0.0008649625675699321,-0.2489306541922719,0.04616987262560785,3.4255513469894585,3.4138105061665764,9.064504044999694
0.15,0.31,30,-0.09254491605577195,0.0008247139381758746,-0.24208349955186234,0.040346510480729014,-1.5506604264698647,3.7993399541739663,7.454963121799138
0.15,0.32,30,-0.09551375838984734,0.0008169905964253538,-0.2799438627216692,0.0469017956334501,0.8065150329858418,3.3368341765610103,7.788924743533788
0.15,0.33,30,-0.09814379331020534,0.0009485020991682506,-0.2259531988921455,0.038411654462929164,3.765058674537171,3.42307355093411,9.868588475609846
0.15,0.34,30,-0.10003282236769025,0.000773381547113997,-0.20464268923092574,0.030503709683417927,4.455784516761275,3.5717104677683937,10.357418032382286
0.15,0.35,30,-0.10223664709482382,0.0007057798636958961,-0.13683750855692042,0.04711822755364495,1.41975367124051,3.02490357990923,7.605587977621726
0.15,0.36,30,-0.10276957253882865,0.0008357445747478189,-0.1762476158061162,0.04682187182492308,-1.9379934815162918,3.808695976405868,7.113429118979692
0.15,0.37,30,-0.10576159941094615,0.0006894442274101978,-0.17559737818724627,0.040173687473913776,4.014650820983166,4.294293986724723,11.397983606297641
0.15,0.38,30,-0.10628152010257358,0.0006755643222196694,-0.09595459938645282,0.04651249111064269,1.5202322020600811,3.6502835304329797,9.005017422072026
0.15,0.39,30,-0.10768069139867521,0.0007784491055522984,-0.1451927341460446,0.04653047784014811,-2.3581552906246346,3.877022266898335,7.257685665203147
0.15,0.4,30,-0.10918537478549448,0.0008455051821407075,-0.14311770519894557,0.040521378412673295,3.9511933128554655,3.637539833154028,9.977350897127337
0.15,0.41,30,-0.1105430455026541,0.0007792020524804752,-0.06616886788893589,0.0342816443443305,4.963715241737916,3.4774349604360637,10.33887643649831
0.15,0.42,30,-0.11050875214327321,0.0008421927277613646,-0.04384340036418776,0.04024719461779474,-1.0406366545177916,3.0270413588283005,6.588969276581444
0.15,0.43,30,-0.11141991350993785,0.0006748493616971002,-0.08698160097929172,0.03809288132192464,-2.3192084338043477,3.9137997823707296,7.339912279020294
0.15,0.44,30,-0.11224838416285904,0.0008269807334204983,-0.09022756904027475,0.04332305392222411,-0.2057324283678028,3.605109962481723,7.242215486133936
0.15,0.45,30,-0.11322446489074336,0.0007146217740821718,-0.0910962495466478,0.04103721119116602,1.251578447943337,3.800735377212066,9.164778747865913
0.15,0.46,30,-0.11407030915379199,0.0007658628880078586,-0.06519600008140798,0.03979567828309326,2.076968866870294,3.3754749681414458,8.473596915881693
0.15,0.47,30,-0.1145283848923715,0.0006629216962861171,-0.04955687220924194,0.035557431691118066,-0.4513938986950201,3.4717106095642296,7.725144364208672
0.15,0.48,30,-0.11506144659797685,0.0007001594160565795,-0.0742238780553086,0.03480169296174128,-3.4211749644464144,2.9132385520289463,4.339925856290381
0.15,0.49,30,-0.11601286245347768,0.0005480457267245982,-0.11798037149817027,0.034253995416417986,0.7706533137106422,3.079575514654801,7.297940401945497
0.15,0.5,30,-0.11742105402794026,0.0007235558090260821,-0.05881081178109574,0.03560408548076661,2.992568247768251,3.0764273004437697,8.437375173378205
0.15,0.51,30,-0.1171890786890996,0.0006991009886038133,-0.0581290065428052,0.033596189547961786,1.0776813653850523,3.427183806850789,7.617646287500288
0.15,0.52,30,-0.11858363415879634,0.0004940946353348407,-0.037257184473394676,0.03827907651314633,1.8710078112304074,2.977690026438492,7.317914918423883
0.15,0.53,30,-0.11793422237856749,0.0005460448090723402,-0.02070885031819702,0.03495342054894836,-1.948021446163987,3.1380146160425286,6.073719794393728
0.15,0.54,30,-0.1189978111651603,0.0007464809910260256,-0.07621761339667446,0.03653228491708468,0.047553639259751534,3.2985094554628205,6.946590415950849
0.15,0.55,30,-0.11945857464650096,0.0007722466628946489,-0.019757777533001977,0.037137691100727954,2.451545916019591,3.4626173222920134,9.407361663709612
0.15,0.56,30,-0.11939296671582031,0.0006765508273831239,-0.027186695076282588,0.03943348061117914,0.5027042350401398,3.540984091495087,7.952545108824436
0.15,0.57,30,-0.1200023085480266,0.0006336504204317034,-0.009703692832199502,0.03939129527872565,-1.9936825322319112,3.2704457781472254,6.076076446662791
0.15,0.58,30,-0.11958704057246432,0.0006110309405565898,-0.06706034572092148,0.03500828325898668,-3.817675263522392,3.4129446736129427,5.302985861300075
0.15,0.59,30,-0.12134351546244503,0.0007702665306325161,-0.08605719810264742,0.03499257282010708,1.9138185377574262,3.348227502488207,8.338072229007512
0.15,0.6,30,-0.12130818453451726,0.000666132795060931,-0.02878397496577291,0.037065009707105356,1.2087296577678117,3.4296278206568243,7.706149564871607
0.15,0.61,30,-0.12191919496176049,0.0005441470954588129,-0.06188260494729115,0.04106398134464696,-0.39133178220753373,3.189723233980776,6.5743354159077905
0.15,0.62,30,-0.12254583663346309,0.000578185989739016,-0.03661061060992359,0.03457012700583226,3.8565946601261323,3.7222189817826306,9.678894555082474
0.15,0.63,30,-0.12265140717395896,0.0005735718395899573,0.015249288255231553,0.04042543752731346,1.3314866489532649,2.862882603308718,6.522390111284073
0.15,0.64,30,-0.12224085086835847,0.000571587834722546,-0.009980877630858278,0.028914990516693828,-3.9073298511104513,3.736497978774391,6.096180062335835
0.15,0.65,30,-0.12285102472657612,0.0004792873556221298,-0.06289730876697754,0.039909212553814674,-0.889583970734591,2.3525889739906503,4.595463376197772
0.15,0.66,30,-0.12349879704369801,0.0005582631323590372,-0.027772557045550105,0.029154337473296592,1.3645168873828948,2.831595130931555,7.278366777074112
0.15,0.67,30,-0.12340647586748714,0.0005437157256198661,-0.03560697101931961,0.02546150879768809,-2.9737086534849784,2.761867740909869,4.702619242262449
0.15,0.68,30,-0.12421093646408442,0.0005655825298743892,-0.08724673011524973,0.034737116740340176,1.6341321440477852,2.1166245412815785,5.565669613389341
0.15,0.69,30,-0.1251514104697921,0.00048775416841590554,-0.0029243281383655594,0.024508072470737073,3.9703069686304784,2.7347357074381806,8.542617310867263
0.15,0.7,30,-0.12426942302685172,0.0005491750895865959,-0.007840590742641524,0.031766146861950416,-1.0195726703837118,2.321533813403358,4.452777098817554
0.15,0.71,30,-0.12530822228464494,0.0005975083383638288,-0.02331578154603981,0.03005228945806621,0.24925773628451994,2.952389042428843,6.007334962941193
0.15,0.72,30,-0.1247357386577725,0.0005468945949022062,-0.002855436016951119,0.03589134999675331,-2.667654429859501,2.6064586147547617,4.267667468481346
0.15,0.73,30,-0.12536533100498395,0.0005763650806035395,-0.07666887014322989,0.028539775449743416,-1.9165595107578592,3.0342714255422027,5.390439317660064
0.15,0.74,30,-0.12626911606063712,0.00057175743903717,-0.041186626232108337,0.02982741438857333,3.1984605359790916,2.0605099051165796,6.187849155248923
0.15,0.75,30,-0.12618906352962614,0.0005130294775080567,-0.012699659423647995,0.02291532923425331,1.4652268695605453,2.122864577749986,5.351299032252432
0.15,0.76,30,-0.1265231092491101,0.0004606812436437157,-0.011882088840897415,0.02572477440484073,-3.1242233148718404,2.3007049036691236,3.11506704911279
0.15,0.77,30,-0.1264267053064441,0.0005755680000064808,-0.07518412572108485,0.03219795295728848,-1.6854934840560627,2.9370983646650886,5.24003046180927
0.15,0.78,30,-0.12802679176353177,0.0005752688555206437,-0.04559195852201869,0.03614610493653216,4.215823584546925,3.1002924044574636,9.220821920094691
0.15,0.79,30,-0.12733854447688447,0.0006519816790175887,0.009132345969853708,0.03639784106206792,-0.5191281396940409,3.280513760610957,6.698976408817845
0.15,0.8,30,-0.1278441448441347,0.0006538793607745202,-0.05597452131589953,0.03806465632434026,-1.009809439113108,3.14805807791287,6.184795356765966
0.15,0.81,30,-0.12845803490320246,0.0005124057008798045,-0.011063842812408475,0.036166015172431586,1.1729511779405073,3.1169768963593363,7.224960628915111
0.15,0.82,30,-0.12806542170038288,0.0004986757843994102,-0.03251549775708876,0.032845540279294504,-1.6605252990872605,2.8620427066117404,4.8201491814601525
0.15,0.83,30,-0.12910834485834424,0.000456008814309601,-0.04427434879415342,0.030095752919997443,0.37821311833727017,2.6044012774833423,6.095655577509157
0.15,0.84,30,-0.12895090867626594,0.00048296807565567694,-0.024951235390343343,0.02543060918102751,1.578697546426696,2.789308289631162,7.293065386774808
0.15,0.85,30,-0.1296073695661511,0.0004708706581408722,-0.012700397865619488,0.03270131835613382,1.6300695322844576,2.2497522095901568,5.919400256846864
0.15,0.86,30,-0.12920491663357833,0.0005259663651631736,0.007650155255345836,0.026164040153208144,-1.4982431361781332,2.7518774187605137,5.678820930617858
0.15,0.87,30,-0.1294543664610442,0.0005059212139948364,-0.04266526058918217,0.02771056631096699,-4.239909559896784,2.4736075765870638,3.3308689150029522
0.15,0.88,30,-0.13005822184536198,0.00046852630668486384,-0.07714803594258993,0.030401293537359816,0.07567069347659079,2.264921363005232,4.8223067597783755
0.15,0.89,30,-0.130997327179896,0.00040156795823675045,-0.04115184671965035,0.029533317143817774,3.327497130361955,2.419956820573118,6.595314159190625
0.15,0.9,30,-0.13088125877975496,0.00045018302671112777,-0.010598093335350762,0.027018600062473835,2.656612285853811,2.7246294443003416,6.896475186640544
0.15,0.91,30,-0.131209289046603,0.00048613841208969944,0.01198039899742591,0.02965755499695025,0.7378532863646395,2.135142816545235,4.850545684842577
0.15,0.92,30,-0.13064165079980647,0.0005671203340940757,0.004158972391942041,0.02678013435435281,-3.952553470415131,2.799372159041036,4.567265397585524
0.15,0.93,30,-0.13112610959876417,0.000528411475064333,-0.06707067041087678,0.03795238977886476,-2.155595558318349,2.566528276591883,4.873155467024781
0.15,0.94,30,-0.13198306420802397,0.0006120660652853154,-0.03895293877442584,0.033299426870441094,3.8334252288436264,3.073476639479182,8.658862173131899
0.15,0.95,30,-0.13190516837425267,0.0006031307544889227,0.009597834165995623,0.03055597977971561,0.7604334733369176,2.847274805709592,6.958041998380737
0.15,0.96,30,-0.13179110752470405,0.0005173848160754713,-0.02374426930768747,0.03139679412420419,-5.949346726134556,2.544793826689947,3.0367750863179026
0.15,0.97,30,-0.13238005376040643,0.0005206525288795024,-0.1093891003566956,0.027330568837936487,1.097911061567307,2.691662713644649,6.57354658515568
0.15,0.98,30,-0.13397888953183798,0.00045030822163440393,-0.0017860480763413123,0.032736940563009534,4.528812357003605,2.483895287527244,7.950599677487004
0.15,0.99,30,-0.13241577472193328,0.0005477907369451612,-0.018812853216623435,0.034320003296647326,-9.607556967368817,4.2785036891021475,5.11530340257183
0.15,1.0,30,-0.13435514659617045,0.0006680432881241378,-0.1939371874237178,0.07038783522952145,-17.512433420709424,5.8313897659321166,3.9190192738218186
0.25,0.01,30,-0.0009128927513623767,0.00013226001004633294,-0.024481178534365065,0.0015055898323409094,-1.5698623955533375,0.06703446240702267,0.0
0.25,0.02,30,-0.00115770453670604,0.00014266152600573138,-0.04017980248989845,0.002044846827045583,-2.729230195038265,0.09789344396463534,0.0
0.25,0.03,30,-0.0017164888011603565,0.0001578829099301019,-0.07906578243513035,0.003153693019008427,-4.405818785632097,0.1304307796005437,0.0
0.25,0.04,30,-0.0027390201854086433,0.00017808983075286744,-0.12829617820254038,0.004174067302145983,-5.067830059107423,0.12366136473178643,0.0
0.25,0.05,30,-0.004282412365211157,0.000203173535315933,-0.18042238361727883,0.004796981886109248,-5.293256466418733,0.17959819916777184,0.0
0.25,0.06,30,-0.006347467857754223,0.00024063646599981956,-0.23416130753091505,0.006010902064265274,-5.054628627720125,0.25726590836258445,0.0
0.25,0.07,30,-0.008965638515829464,0.00028106777695754195,-0.2815149561716813,0.006859410993691966,-4.29312207632319,0.44117040161113114,0.0029193557887225554
0.25,0.08,30,-0.011977766981187854,0.00032167476102612036,-0.32002374905737885,0.009103359858029316,-4.9734918144012115,0.5124673349127421,0.0
0.25,0.09,30,-0.01536611349697704,0.00038014462829942715,-0.3809847924597055,0.010118082996131372,-4.4670168446812815,0.9547011992782256,0.5465829921924297
0.25,0.1,30,-0.01959746283038196,0.00044754786144468394,-0.4093640859510045,0.013891600640624273,-3.6092539891982724,0.770592103119012,0.3390033812054302
0.25,0.11,30,-0.023553395215997124,0.0004935393124247392,-0.45316987224367095,0.016934938362417516,-4.566953162153743,1.4693764152882856,1.3882245415136025
0.25,0.12,30,-0.02866086027525538,0.0007200422527471738,-0.5007031491940793,0.022324179767139515,-3.975478763961158,1.582211638997264,1.6836052092145506
0.25,0.13,30,-0.033567458199878726,0.0007313990153302119,-0.5326794475228941,0.02319624538737265,-0.6244426633847691,1.8864859705472574,3.520498207396785
0.25,0.14,30,-0.039314449225713276,0.0007390953592972042,-0.5131920024617747,0.023296363696598012,1.4890539837427283,2.140554110432386,5.4589060539469445
0.25,0.15,30,-0.043831298249114206,0.000767623646356493,-0.5028983678480395,0.029575848962790856,-6.2415225921523465,2.531877914983804,2.731313217383061
0.25,0.16,30,-0.04937241658267407,0.0008819040433274395,-0.638022454304822,0.036631689239782425,-6.142228603024039,2.7620146538462484,3.5134529575152924
0.25,0.17,30,-0.05659174733521066,0.0008925792162958137,-0.6257429399085204,0.03365325095960232,7.328677922833981,4.337788573766173,12.840813797813292
0.25,0.18,30,-0.06188727538084447,0.0010377731561924662,-0.4914488958481427,0.06180913767367462,2.9652899862093607,3.28152021466953,7.919248899395593
0.25,0.19,30,-0.06642072525217352,0.001346403591519213,-0.5664371401843338,0.04622189031630191,-4.614760232082358,4.869710332249667,6.996372985902687
0.25,0.2,30,-0.07321601818453116,0.0013340794006044402,-0.58374410048979,0.048893254281402045,1.7180735626789903,4.132637724240877,9.55857477386368
0.25,0.21,30,-0.07809560726196932,0.0012593845697819151,-0.5320756689307542,0.04708722671317126,2.6149698966367834,4.0990174468684915,10.403876877392282
0.25,0.22,30,-0.08385753156314624,0.0013069768485179031,-0.5314447025570544,0.05207379058052371,2.6145276211046866,4.110177306070359,9.861029028436548
0.25,0.23,30,-0.08872450131311041,0.0015161311185481405,-0.4797851165086604,0.050273619462027165,3.6496176927069657,4.802769800526173,12.510536529617392
0.25,0.24,30,-0.09345323389331944,0.0015571540809065187,-0.4584523487029151,0.0606660935259651,0.9617015392625327,5.057016510307324,11.762272078509671
0.25,0.25,30,-0.09789354828716872,0.0015416755200780715,-0.4605510857234099,0.06081986500287587,-0.22617183352888215,5.618059599666182,12.345314596381026
0.25,0.26,30,-0.10266425560778766,0.0014161955247388484,-0.46297578537349277,0.06331846395043013,1.8981111156213724,4.413230278931762,10.098254040253448
0.25,0.27,30,-0.10715306399463857,0.0013645082130092176,-0.4225888634109824,0.04850537153852329,5.012597178607428,5.3713799026378,14.23606267522514
0.25,0.28,30,-0.11111603287600731,0.0015052436032694009,-0.3627238418013441,0.05843444455614249,2.7034035705692943,4.364272169846419,11.252768599022714
0.25,0.29,30,-0.11440754083066544,0.001656548806134035,-0.3685207919995962,0.053728825304170905,5.818787450674334,5.504590594067513,14.845276778438521
0.25,0.3,30,-0.11848644871599924,0.0014204059098974465,-0.24634809278785702,0.06234233625035696,5.293495422734986,4.729122494818408,13.752501828518696
0.25,0.31,30,-0.11933450268642257,0.0013535703203922532,-0.2626508835448964,0.05278711727719926,-3.9362671780241523,5.011793860673127,7.765977326290718
0.25,0.32,30,-0.12373946638689717,0.001257376306360741,-0.32507343634834013,0.05314308759953407,2.591605014858045,4.329764068066569,10.461923313189898
0.25,0.33,30,-0.1258359714133894,0.001094612572399239,-0.21081878324773545,0.04615460804433222,7.430377715711246,4.157774542381236,12.599241997844096
0.25,0.34,30,-0.12795584205185187,0.0013080866463986453,-0.17646588203411503,0.04974097308730517,1.9856268346806092,3.9280541792529786,9.141094185746374
0.25,0.35,30,-0.12936528905407169,0.001351724368235869,-0.1711062465541232,0.05058691364018044,0.25053000499635575,4.752059093709854,10.682285755548548
0.25,0.36,30,-0.13137796698293436,0.0012468710341478214,-0.171455281934188,0.052896316980077025,4.191436313448381,5.359885844467279,13.44244006089258
0.25,0.37,30,-0.13279439469275542,0.001173913383076285,-0.08727752028515547,0.07420698297122338,3.956972336738075,4.53591032583214,11.622236653242215
0.25,0.38,30,-0.13312351738863748,0.0012206165766255308,-0.09231583519942643,0.047583987596763876,0.8239205630067412,6.481076433758335,13.642569082392175
0.25,0.39,30,-0.13464071139674397,0.0010263569350774276,-0.07079910902502062,0.06519100365443271,0.4752547505303694,3.9635850190273163,8.391936784222404
0.25,0.4,30,-0.13453949956913788,0.0012163703817372755,-0.08281074018881902,0.03983567989149511,1.9205253468918115,4.282336789221504,9.369748819676015
0.25,0.41,30,-0.1362969262005203,0.0011211096618793542,-0.03238860208718482,0.040809362966159946,3.1205260038224867,3.8629719311487567,9.845531841508043
0.25,0.42,30,-0.13518727161088157,0.0010713948923932893,-0.02040022011236963,0.046319218784415896,-7.997187910144882,3.874946787739356,4.688539127426899
0.25,0.43,30,-0.1367049306027677,0.000816263611655321,-0.1923323602900826,0.048835507997319595,-5.0916811320980875,3.671368847752142,5.952057070922289
0.25,0.44,30,-0.13903391881668323,0.0010093515058867241,-0.12223384275433147,0.03894071418756866,13.888330533049619,4.0707833453646565,16.1536902790188
0.25,0.45,30,-0.13914960745785435,0.0009253925310639696,0.08543425037091,0.040664098781414484,6.38324106003175,3.578123765405711,10.866307067053611
0.25,0.46,30,-0.13732523380926503,0.0009132639243985402,0.00543097844630365,0.041737262039865865,-9.35849286647897,3.386543137908994,3.338328580043922
0.25,0.47,30,-0.1390409878889282,0.0009557958611199339,-0.10173560695866886,0.04281930529761715,-2.2942088940745267,3.690611872870916,6.550872237177444
0.25,0.48,30,-0.13935994594843842,0.0009701900904654852,-0.040453199435185855,0.043867498290772015,4.019464783563681,3.5501045942664535,9.903574366884861
0.25,0.49,30,-0.13985005187763194,0.0007804451437425883,-0.021346311287395187,0.035956438672165296,1.2131524335331367,3.581912707315834,8.474355160689564
0.25,0.5,30,-0.1397868721741863,0.0008095182345857815,-0.016190150764523105,0.03790631523823239,-1.078166053458264,2.96607198485991,6.330123605494955
0.25,0.51,30,-0.14017385489292242,0.0007778470909867274,-0.04290963235656049,0.03500546761890151,-1.1447906210914074,2.815111448336081,5.716814240156423
0.25,0.52,30,-0.14064506482131753,0.0006608375300894838,-0.03908596318635127,0.03421610118565039,1.5794582129825907,2.902479284656523,7.080463360332106
0.25,0.53,30,-0.14095557415664942,0.000772767494550308,-0.011320468096908641,0.03780996960719645,0.06927275271166213,3.005841548977866,6.3170406788335765
0.25,0.54,30,-0.1408714741832557,0.0008570795967725032,-0.037700508132118025,0.03406715057198276,-0.7694874072916053,3.7029263249130375,7.7915376099194695
0.25,0.55,30,-0.1417095843192918,0.0006566844416431841,-0.026710216242740767,0.04145000505080848,1.4349381474680938,2.9788185371597597,6.934806077775989
0.25,0.56,30,-0.1414056785081105,0.0008054804832566154,-0.009001745182756132,0.03947319416983524,0.8026142658727087,3.6821693259846633,8.767516713127238
0.25,0.57,30,-0.1418896192229469,0.0007939509922293567,-0.010657930925286448,0.04062214174952948,-0.4026278793297921,3.787401875661121,7.962187065117211
0.25,0.58,30,-0.14161883712661627,0.0006629928354582236,-0.017054302769351985,0.04331130040188409,-1.6499506320246184,3.2552132434610677,6.78892943698885
0.25,0.59,30,-0.14223070527833395,0.0007036140119777517,-0.04365694356577885,0.03341002725197035,-1.53484559243907,3.3576472746635364,6.7490759555506985
0.25,0.6,30,-0.14249197599793184,0.0007920401407142923,-0.04775121461813341,0.032721424941167344,0.7018374322021609,3.2745451343686174,7.154756280192396
0.25,0.61,30,-0.1431857295706966,0.0006660203249226432,-0.029620194921735624,0.03717428045265912,3.1452314230051046,2.721466934766095,7.269051328758386
0.25,0.62,30,-0.14308437989636652,0.0006739799719278164,0.015153413841968728,0.03387447035303738,3.328954557420789,3.047365383177392,8.504587026383534
0.25,0.63,30,-0.14288266129385724,0.0006734126265060858,0.03695889622668022,0.0320558066742559,-4.023384449343687,3.2812058996038402,4.52347246237835
0.25,0.64,30,-0.14234520197183292,0.0006744047243457456,-0.06531427514490508,0.03829454158454579,-5.788090917526554,2.902326375761991,4.058607080666664
0.25,0.65,30,-0.14418894679675534,0.0006281833774082863,-0.07880292212385093,0.03201239970483536,5.95517149517531,3.013774825691526,9.748096528056324
0.25,0.66,30,-0.14392126041430997,0.000520702711311931,0.05378915475860122,0.03153497301677691,5.358251146138022,2.52373577756208,9.045698439385019
0.25,0.67,30,-0.1431131637015833,0.0005871054347852473,0.0283621007989096,0.02775392922454929,-5.890150978995402,2.7595173893121188,3.4192523138979367
0.25,0.68,30,-0.14335401839833178,0.0004780355181953027,-0.06401386482130692,0.030459293282843507,-3.0218299003022886,2.503981066431754,3.73117975917289
0.25,0.69,30,-0.1443934409980094,0.0005768216882941056,-0.03207449720713728,0.028861692491053758,2.598541361615126,2.7856639989301804,7.811622601776743
0.25,0.7,30,-0.14399550834247452,0.0004706385900070457,-0.012043037589004772,0.03258819355993246,-3.1880248750717413,2.203599221473961,3.40292881682309
0.25,0.71,30,-0.14463430174978953,0.000529336225616799,-0.09583499470857215,0.029996680670223912,0.19352741330852344,2.3850440385196174,5.649153658281183
0.25,0.72,30,-0.14591220823664594,0.0006406148998538792,-0.008172489322834294,0.025324263044900798,6.722913210297801,2.7520249700442934,10.283830647601983
0.25,0.73,30,-0.1447977515362462,0.0005067464676798697,0.03862326949738395,0.032653044899584954,-1.0819343244632884,2.213286620149784,4.1282755648738405
0.25,0.74,30,-0.14513974284669828,0.0005537379946745573,-0.029811175812100073,0.029327117022717505,-3.975306393938547,2.9911653482179856,4.652372908628146
0.25,0.75,30,-0.14539397505248822,0.0005559402789374032,-0.04088285838138707,0.03376525482404733,1.254448959008373,2.8077181806211073,6.703525987767028
0.25,0.76,30,-0.14595740001432603,0.00046230782247415374,-0.0047221966319326,0.033036989293493184,1.1870772595245573,2.5719575347003674,6.341799664048494
0.25,0.77,30,-0.14548841898512685,0.0006258495696166555,-0.0171413131908959,0.026633108463675163,-4.571992729656802,3.172026834094031,5.095279489486166
0.25,0.78,30,-0.14630022627814393,0.0006375287572224741,-0.09616205122506873,0.03647516866131697,-0.4226031016126138,2.3955730647268374,4.95590091765535
0.25,0.79,30,-0.14741166000962821,0.0004861632059178157,-0.025593375223148182,0.026748821112409553,5.96973218833877,3.0679724355290556,10.068648285114547
0.25,0.8,30,-0.1468120937826069,0.00036297061617751597,0.023232592541706783,0.031089103658633942,0.08616381463826416,1.7595679537130975,4.022937197813563
0.25,0.81,30,-0.14694700815879408,0.0005701929632134278,-0.023870098930382895,0.01780239863603401,-1.3611213582842134,2.358044120172958,4.381799383472782
0.25,0.82,30,-0.14728949576121453,0.0004473821578446777,-0.003989834623978112,0.0251793814585226,0.3307917273046953,2.150299539381116,5.12500161833166
0.25,0.83,30,-0.14702680485127365,0.0006066276192357682,-0.01725426438428939,0.03040790132087262,-1.0536908909038663,2.2483807707347205,4.683573171913837
0.25,0.84,30,-0.14763458104890032,0.0005721023393375244,-0.025063652442055454,0.02641110710088343,-0.28792508658118693,2.4101828604772613,5.281432820035465
0.25,0.85,30,-0.14752807790011477,0.000557509364786112,-0.023012766115913134,0.026974521319104782,1.6447378547356777,2.1547975484548307,5.772277221270285
0.25,0.86,30,-0.1480948363712186,0.000510875325559843,0.00783110465265813,0.02751204011959535,0.33334072779844315,2.1886876784669522,4.755534208964389
0.25,0.87,30,-0.1473714558070616,0.0005423763734790122,-0.016345951559944262,0.024208627124367787,-3.3320334023749294,2.714948555412788,4.563496011367956
0.25,0.88,30,-0.14842175540241748,0.00040964670077133197,-0.05880956339484051,0.033850757829848734,0.5142479640554538,2.3490663349916825,5.322076892298228
0.25,0.89,30,-0.1485476470749584,0.0004749296143948371,-0.006060992278835176,0.03157930689000882,4.259059983345085,2.513157690922213,7.890337680423494
0.25,0.9,30,-0.14854297524799417,0.0005499992444836938,0.02637163627206126,0.026277814190567326,0.15160212357005065,3.1369777721007877,7.514961965993943
0.25,0.91,30,-0.14802021434951718,0.0004956993043587249,-0.0030289498074341577,0.03702633591459538,-2.306886197503043,1.8117831473904054,2.7211246583962603
0.25,0.92,30,-0.14860355424414287,0.0005229161344527768,-0.01976608767799964,0.02213868534020459,0.5369970004583112,3.1686574578814084,7.711523967842183
0.25,0.93,30,-0.14841553610307717,0.0005071102194956421,0.007710990201732073,0.031317946256550655,-2.054856348851216,2.417536190255203,4.334787913356932
0.25,0.94,30,-0.14844933444010822,0.00038080490434922316,-0.060863214655022695,0.033757634464319806,-1.5029706938647716,2.352979624486781,4.4817269895309
0.25,0.95,30,-0.14963280039617766,0.00046501775946744203,-0.022348423675562033,0.02502099354905165,2.7000738518546274,3.010110818381504,7.933308597601414
0.25,0.96,30,-0.14889630291361947,0.0004212824378059581,-0.00686173761793011,0.03157019215792059,-2.2941284929052546,2.3357570008778867,3.9658889101505888
0.25,0.97,30,-0.14977003514853626,0.0004440474981301842,-0.06823099353366717,0.026278697662195226,1.270554675292113,2.9782474894898865,6.793018824556721
0.25,0.98,30,-0.1502609227842928,0.0004193960728483715,0.01854935588791217,0.03449872724672802,5.000116581003783,2.114935158312696,7.44832008724772
0.25,0.99,30,-0.14939904803077803,0.0004705608683907009,0.03177133808640858,0.026463050384048354,-2.0597077533285737,4.5925903766739475,9.0916729075832
0.25,1.0,30,-0.1496254960225646,0.0004697808841430066,-0.022644799178659348,0.06633084095605503,-5.4416137265067865,6.369567365000769,11.02951143353605
