pair_id,pair,P,r,split_logZ_per_P_diff,signed_split_logZ_per_P_diff
pair_0_2,0/2,2461,0.05,1.3003575483878969e-06,1.30036e-06
pair_0_2,0/2,2461,0.05,2.0753690548936937e-06,-2.07537e-06
pair_0_2,0/2,2461,0.05,3.5661324509123045e-08,3.56613e-08
pair_0_2,0/2,2461,0.05,4.663235127222506e-06,4.66324e-06
pair_0_2,0/2,2461,0.05,2.091564519521216e-06,2.09156e-06
pair_0_2,0/2,2461,0.05,3.5728894283674458e-06,-3.57289e-06
pair_0_2,0/2,2461,0.05,2.0212109145268285e-06,-2.02121e-06
pair_0_2,0/2,2461,0.05,5.3321374459540026e-06,-5.33214e-06
pair_0_2,0/2,2461,0.05,6.375987870846276e-06,-6.37599e-06
pair_0_2,0/2,2461,0.05,2.3429957163421483e-06,2.343e-06
pair_0_2,0/2,2461,0.05,3.203261115408224e-06,3.20326e-06
pair_0_2,0/2,2461,0.05,8.035978662249268e-06,-8.03598e-06
pair_0_2,0/2,2461,0.05,5.876466862815701e-06,-5.87647e-06
pair_0_2,0/2,2461,0.05,1.2040457053070378e-05,-1.20405e-05
pair_0_2,0/2,2461,0.05,1.2862058999518357e-06,1.28621e-06
pair_0_2,0/2,2461,0.05,5.507518276939172e-06,5.50752e-06
pair_0_2,0/2,2461,0.05,5.792576164693515e-06,5.79258e-06
pair_0_2,0/2,2461,0.05,1.4738002152147018e-05,1.4738e-05
pair_0_2,0/2,2461,0.05,9.817920614595396e-06,-9.81792e-06
pair_0_2,0/2,2461,0.05,1.1058650472569545e-06,1.10587e-06
pair_0_2,0/2,2461,0.05,9.129430304964192e-06,-9.12943e-06
pair_0_2,0/2,2461,0.05,6.852040057655361e-06,6.85204e-06
pair_0_2,0/2,2461,0.05,8.028877690969777e-06,8.02888e-06
pair_0_2,0/2,2461,0.05,1.103276550218046e-06,-1.10328e-06
pair_0_2,0/2,2461,0.05,7.637054038590724e-07,-7.63705e-07
pair_0_2,0/2,2461,0.05,2.7274152207596108e-06,2.72742e-06
pair_0_2,0/2,2461,0.05,1.844367544743477e-08,1.84437e-08
pair_0_2,0/2,2461,0.05,9.492618559925316e-06,9.49262e-06
pair_0_2,0/2,2461,0.05,5.101598349351033e-06,-5.1016e-06
pair_0_2,0/2,2461,0.05,2.1473804381404672e-06,2.14738e-06
pair_0_2,0/2,2461,0.1,2.0116607013926864e-05,-2.01166e-05
pair_0_2,0/2,2461,0.1,9.004647778393573e-06,-9.00465e-06
pair_0_2,0/2,2461,0.1,3.1340677939422016e-05,3.13407e-05
pair_0_2,0/2,2461,0.1,2.7487609650875064e-05,-2.74876e-05
pair_0_2,0/2,2461,0.1,1.1518567492163032e-05,-1.15186e-05
pair_0_2,0/2,2461,0.1,1.5102235503329903e-06,1.51022e-06
pair_0_2,0/2,2461,0.1,1.220846386670342e-05,-1.22085e-05
pair_0_2,0/2,2461,0.1,5.666063250590146e-05,-5.66606e-05
pair_0_2,0/2,2461,0.1,1.933047059921778e-06,1.93305e-06
pair_0_2,0/2,2461,0.1,1.7871392463938405e-05,1.78714e-05
pair_0_2,0/2,2461,0.1,1.9718968146413512e-05,-1.9719e-05
pair_0_2,0/2,2461,0.1,5.542457534159043e-06,5.54246e-06
pair_0_2,0/2,2461,0.1,1.6136119137515506e-05,1.61361e-05
pair_0_2,0/2,2461,0.1,1.0810026904033695e-06,1.081e-06
pair_0_2,0/2,2461,0.1,2.468519308915027e-05,-2.46852e-05
pair_0_2,0/2,2461,0.1,3.580973262227317e-05,3.58097e-05
pair_0_2,0/2,2461,0.1,3.349412637278449e-06,-3.34941e-06
pair_0_2,0/2,2461,0.1,2.7876656079032428e-06,2.78767e-06
pair_0_2,0/2,2461,0.1,2.7491508571657845e-05,-2.74915e-05
pair_0_2,0/2,2461,0.1,4.446817092889644e-06,4.44682e-06
pair_0_2,0/2,2461,0.1,2.175114152916676e-05,2.17511e-05
pair_0_2,0/2,2461,0.1,3.71195578965934e-06,-3.71196e-06
pair_0_2,0/2,2461,0.1,1.5164934770614328e-05,1.51649e-05
pair_0_2,0/2,2461,0.1,1.0928773954674906e-05,1.09288e-05
pair_0_2,0/2,2461,0.1,1.2839624992877905e-05,-1.28396e-05
pair_0_2,0/2,2461,0.1,1.251774975328928e-05,1.25177e-05
pair_0_2,0/2,2461,0.1,1.0431187755383578e-05,-1.04312e-05
pair_0_2,0/2,2461,0.1,3.796490753055497e-05,3.79649e-05
pair_0_2,0/2,2461,0.1,4.942782629553169e-06,-4.94278e-06
pair_0_2,0/2,2461,0.1,1.988575409876875e-05,1.98858e-05
pair_0_2,0/2,2461,0.15,7.536791971239914e-06,7.53679e-06
pair_0_2,0/2,2461,0.15,2.8907401572792288e-05,-2.89074e-05
pair_0_2,0/2,2461,0.15,1.9622671358956383e-05,1.96227e-05
pair_0_2,0/2,2461,0.15,4.859239371081017e-05,-4.85924e-05
pair_0_2,0/2,2461,0.15,8.387210014386289e-05,-8.38721e-05
pair_0_2,0/2,2461,0.15,1.5590232558623985e-05,-1.55902e-05
pair_0_2,0/2,2461,0.15,6.817734051460848e-05,6.81773e-05
pair_0_2,0/2,2461,0.15,7.642818141100501e-05,7.64282e-05
pair_0_2,0/2,2461,0.15,2.9391372512844556e-05,-2.93914e-05
pair_0_2,0/2,2461,0.15,6.565263717634658e-05,-6.56526e-05
pair_0_2,0/2,2461,0.15,8.808683731085003e-05,-8.80868e-05
pair_0_2,0/2,2461,0.15,7.934821875283434e-05,7.93482e-05
pair_0_2,0/2,2461,0.15,7.743269711670875e-05,7.74327e-05
pair_0_2,0/2,2461,0.15,2.9425338501856425e-05,2.94253e-05
pair_0_2,0/2,2461,0.15,6.648321558131745e-05,-6.64832e-05
pair_0_2,0/2,2461,0.15,7.267471481008956e-06,7.26747e-06
pair_0_2,0/2,2461,0.15,2.825167931788428e-05,2.82517e-05
pair_0_2,0/2,2461,0.15,1.7383670935444033e-05,1.73837e-05
pair_0_2,0/2,2461,0.15,2.276022936007456e-05,-2.27602e-05
pair_0_2,0/2,2461,0.15,6.738928172926703e-05,-6.73893e-05
pair_0_2,0/2,2461,0.15,2.8865389725734776e-05,2.88654e-05
pair_0_2,0/2,2461,0.15,1.739793327302723e-05,1.73979e-05
pair_0_2,0/2,2461,0.15,1.9258408802662912e-05,-1.92584e-05
pair_0_2,0/2,2461,0.15,2.830165900265725e-05,2.83017e-05
pair_0_2,0/2,2461,0.15,1.659416099107237e-05,-1.65942e-05
pair_0_2,0/2,2461,0.15,4.950538293061575e-05,4.95054e-05
pair_0_2,0/2,2461,0.15,6.07362400674762e-05,6.07362e-05
pair_0_2,0/2,2461,0.15,4.663514828091229e-05,4.66351e-05
pair_0_2,0/2,2461,0.15,6.864856692723286e-05,-6.86486e-05
pair_0_2,0/2,2461,0.15,7.588617750032688e-06,-7.58862e-06
pair_0_2,0/2,2461,0.2,7.491395388564302e-05,7.4914e-05
pair_0_2,0/2,2461,0.2,0.0001718312320788,-0.000171831
pair_0_2,0/2,2461,0.2,7.907559271754903e-06,7.90756e-06
pair_0_2,0/2,2461,0.2,0.0001091509544234,-0.000109151
pair_0_2,0/2,2461,0.2,0.0002459237410701,0.000245924
pair_0_2,0/2,2461,0.2,4.716109121942485e-05,-4.71611e-05
pair_0_2,0/2,2461,0.2,8.568011231308545e-06,-8.56801e-06
pair_0_2,0/2,2461,0.2,0.0001882177916488,-0.000188218
pair_0_2,0/2,2461,0.2,4.079139017733087e-05,4.07914e-05
pair_0_2,0/2,2461,0.2,0.0001071918590054,0.000107192
pair_0_2,0/2,2461,0.2,0.000186085727369,0.000186086
pair_0_2,0/2,2461,0.2,6.902444432254566e-05,-6.90244e-05
pair_0_2,0/2,2461,0.2,0.0001404761385576,-0.000140476
pair_0_2,0/2,2461,0.2,0.0001471728266488,0.000147173
pair_0_2,0/2,2461,0.2,9.495308571819292e-05,-9.49531e-05
pair_0_2,0/2,2461,0.2,0.0001586758802339,0.000158676
pair_0_2,0/2,2461,0.2,0.0001558904053299,0.00015589
pair_0_2,0/2,2461,0.2,0.0001998183538516,-0.000199818
pair_0_2,0/2,2461,0.2,0.0001261790400896,0.000126179
pair_0_2,0/2,2461,0.2,0.0001109452025108,0.000110945
pair_0_2,0/2,2461,0.2,3.3492506466518745e-05,3.34925e-05
pair_0_2,0/2,2461,0.2,5.561934548600804e-05,-5.56193e-05
pair_0_2,0/2,2461,0.2,9.095647573716624e-05,9.09565e-05
pair_0_2,0/2,2461,0.2,2.6018104639449768e-05,-2.60181e-05
pair_0_2,0/2,2461,0.2,9.017324682657336e-05,-9.01732e-05
pair_0_2,0/2,2461,0.2,8.698728440601535e-05,8.69873e-05
pair_0_2,0/2,2461,0.2,0.0001406368851783,-0.000140637
pair_0_2,0/2,2461,0.2,0.0001293526796174,0.000129353
pair_0_2,0/2,2461,0.2,7.325700149155255e-05,7.3257e-05
pair_0_2,0/2,2461,0.2,1.7106662614205765e-05,-1.71067e-05
pair_0_2,0/2,2461,0.25,0.0001912342054316,-0.000191234
pair_0_2,0/2,2461,0.25,0.0001250290908273,0.000125029
pair_0_2,0/2,2461,0.25,0.0001695506683385,0.000169551
pair_0_2,0/2,2461,0.25,0.0002971315494685,0.000297132
pair_0_2,0/2,2461,0.25,5.185287600120672e-05,-5.18529e-05
pair_0_2,0/2,2461,0.25,0.0002132054923543,0.000213205
pair_0_2,0/2,2461,0.25,0.0001083863392586,-0.000108386
pair_0_2,0/2,2461,0.25,6.83599401451237e-05,6.83599e-05
pair_0_2,0/2,2461,0.25,3.9743852819991406e-05,3.97439e-05
pair_0_2,0/2,2461,0.25,5.481052620981162e-05,5.48105e-05
pair_0_2,0/2,2461,0.25,5.349235977250457e-05,-5.34924e-05
pair_0_2,0/2,2461,0.25,0.0005046690682001,0.000504669
pair_0_2,0/2,2461,0.25,6.530322102784653e-05,6.53032e-05
pair_0_2,0/2,2461,0.25,8.464980082880607e-05,-8.46498e-05
pair_0_2,0/2,2461,0.25,0.0002241540448609,-0.000224154
pair_0_2,0/2,2461,0.25,7.710557628588022e-05,-7.71056e-05
pair_0_2,0/2,2461,0.25,2.5418084815167347e-05,2.54181e-05
pair_0_2,0/2,2461,0.25,0.0004003767559464,0.000400377
pair_0_2,0/2,2461,0.25,0.0001038723537254,-0.000103872
pair_0_2,0/2,2461,0.25,0.0001780768057066,-0.000178077
pair_0_2,0/2,2461,0.25,0.0001978017687116,0.000197802
pair_0_2,0/2,2461,0.25,0.0003378398691859,-0.00033784
pair_0_2,0/2,2461,0.25,2.11453144968142e-06,-2.11453e-06
pair_0_2,0/2,2461,0.25,0.0003461570106625,0.000346157
pair_0_2,0/2,2461,0.25,8.772790596485501e-05,-8.77279e-05
pair_0_2,0/2,2461,0.25,0.0003111783660049,0.000311178
pair_0_2,0/2,2461,0.25,6.757994915594566e-05,6.75799e-05
pair_0_2,0/2,2461,0.25,6.656471884248367e-05,6.65647e-05
pair_0_2,0/2,2461,0.25,0.0004150388248596,0.000415039
pair_0_2,0/2,2461,0.25,0.0002025782820886,-0.000202578
pair_0_2,0/2,2461,0.3,0.000461742434889,-0.000461742
pair_0_2,0/2,2461,0.3,0.000319976805467,0.000319977
pair_0_2,0/2,2461,0.3,0.0006350880167148,0.000635088
pair_0_2,0/2,2461,0.3,0.0011813247244461,0.00118132
pair_0_2,0/2,2461,0.3,0.0001477132978519,-0.000147713
pair_0_2,0/2,2461,0.3,0.0003027407846824,-0.000302741
pair_0_2,0/2,2461,0.3,8.028235231934345e-05,8.02824e-05
pair_0_2,0/2,2461,0.3,0.0004183598543007,-0.00041836
pair_0_2,0/2,2461,0.3,0.0010283064021976,0.00102831
pair_0_2,0/2,2461,0.3,0.0001661938559908,0.000166194
pair_0_2,0/2,2461,0.3,0.0006434305237592,-0.000643431
pair_0_2,0/2,2461,0.3,0.0008119325900164,-0.000811933
pair_0_2,0/2,2461,0.3,0.0003551796046405,-0.00035518
pair_0_2,0/2,2461,0.3,0.0001252110866655,0.000125211
pair_0_2,0/2,2461,0.3,0.0002987042637937,0.000298704
pair_0_2,0/2,2461,0.3,0.0002155283300657,-0.000215528
pair_0_2,0/2,2461,0.3,0.0003480071160874,0.000348007
pair_0_2,0/2,2461,0.3,0.0008642563708519,-0.000864256
pair_0_2,0/2,2461,0.3,0.0010530643792809,0.00105306
pair_0_2,0/2,2461,0.3,0.0004351582874545,0.000435158
pair_0_2,0/2,2461,0.3,0.0002360394458102,0.000236039
pair_0_2,0/2,2461,0.3,0.000449323776406,0.000449324
pair_0_2,0/2,2461,0.3,0.0003172962711056,0.000317296
pair_0_2,0/2,2461,0.3,0.0006140712952098,-0.000614071
pair_0_2,0/2,2461,0.3,0.0003943378357295,-0.000394338
pair_0_2,0/2,2461,0.3,0.0003146745875705,0.000314675
pair_0_2,0/2,2461,0.3,0.0001301380559915,0.000130138
pair_0_2,0/2,2461,0.3,0.0002635263826664,-0.000263526
pair_0_2,0/2,2461,0.3,0.0001958076904935,0.000195808
pair_0_2,0/2,2461,0.3,0.0001396365409566,-0.000139637
pair_0_2,0/2,2461,0.35,2.71979049886729e-05,2.71979e-05
pair_0_2,0/2,2461,0.35,0.0001694682588673,0.000169468
pair_0_2,0/2,2461,0.35,0.0006305493662772,0.000630549
pair_0_2,0/2,2461,0.35,0.000357971749937,0.000357972
pair_0_2,0/2,2461,0.35,0.0001947113866178,-0.000194711
pair_0_2,0/2,2461,0.35,0.0007577687668189,-0.000757769
pair_0_2,0/2,2461,0.35,0.0002210110693546,0.000221011
pair_0_2,0/2,2461,0.35,0.0003452093545442,-0.000345209
pair_0_2,0/2,2461,0.35,0.0004555014794952,-0.000455501
pair_0_2,0/2,2461,0.35,0.0002188719369828,-0.000218872
pair_0_2,0/2,2461,0.35,1.4368641816881289e-05,1.43686e-05
pair_0_2,0/2,2461,0.35,0.0005173366587283,0.000517337
pair_0_2,0/2,2461,0.35,0.0007779689117026,0.000777969
pair_0_2,0/2,2461,0.35,0.0009715512529825,0.000971551
pair_0_2,0/2,2461,0.35,0.0009410680522534,0.000941068
pair_0_2,0/2,2461,0.35,0.0004541455827651,0.000454146
pair_0_2,0/2,2461,0.35,0.0001092413075926,-0.000109241
pair_0_2,0/2,2461,0.35,0.000364851899981,0.000364852
pair_0_2,0/2,2461,0.35,0.0004467883336658,-0.000446788
pair_0_2,0/2,2461,0.35,0.0004181223067212,-0.000418122
pair_0_2,0/2,2461,0.35,0.0001580084009718,0.000158008
pair_0_2,0/2,2461,0.35,0.0013077393227086,-0.00130774
pair_0_2,0/2,2461,0.35,0.0005548964831688,-0.000554896
pair_0_2,0/2,2461,0.35,1.9316822544069968e-05,1.93168e-05
pair_0_2,0/2,2461,0.35,0.0001632083345904,-0.000163208
pair_0_2,0/2,2461,0.35,9.891472220755488e-05,-9.89147e-05
pair_0_2,0/2,2461,0.35,0.0001858341848843,0.000185834
pair_0_2,0/2,2461,0.35,0.0004706220646757,0.000470622
pair_0_2,0/2,2461,0.35,0.0003184832070195,0.000318483
pair_0_2,0/2,2461,0.35,1.9009870865493434e-05,-1.90099e-05
pair_0_2,0/2,2461,0.4,8.574096488757201e-05,-8.5741e-05
pair_0_2,0/2,2461,0.4,0.0002175726999361,-0.000217573
pair_0_2,0/2,2461,0.4,0.0006237006614033,0.000623701
pair_0_2,0/2,2461,0.4,0.001135278311616,-0.00113528
pair_0_2,0/2,2461,0.4,0.0003652186474417,0.000365219
pair_0_2,0/2,2461,0.4,0.0004258193366864,-0.000425819
pair_0_2,0/2,2461,0.4,0.0003004562695138,-0.000300456
pair_0_2,0/2,2461,0.4,0.0006253365166955,-0.000625337
pair_0_2,0/2,2461,0.4,0.0009535716783221,-0.000953572
pair_0_2,0/2,2461,0.4,0.0002612942747928,-0.000261294
pair_0_2,0/2,2461,0.4,0.0014229021299864,0.0014229
pair_0_2,0/2,2461,0.4,0.000395204805773,-0.000395205
pair_0_2,0/2,2461,0.4,3.488814682100799e-05,-3.48881e-05
pair_0_2,0/2,2461,0.4,8.13988323956245e-05,8.13988e-05
pair_0_2,0/2,2461,0.4,0.0003252300125847,0.00032523
pair_0_2,0/2,2461,0.4,0.0006268299539036,0.00062683
pair_0_2,0/2,2461,0.4,0.0001707638895672,0.000170764
pair_0_2,0/2,2461,0.4,0.0009951875533689,0.000995188
pair_0_2,0/2,2461,0.4,0.0008599515938169,0.000859952
pair_0_2,0/2,2461,0.4,7.573998859377213e-05,7.574e-05
pair_0_2,0/2,2461,0.4,0.0010871182194616,-0.00108712
pair_0_2,0/2,2461,0.4,0.0005289725254888,-0.000528973
pair_0_2,0/2,2461,0.4,0.000202799497703,-0.000202799
pair_0_2,0/2,2461,0.4,0.0004690488718061,-0.000469049
pair_0_2,0/2,2461,0.4,0.000835997121153,-0.000835997
pair_0_2,0/2,2461,0.4,0.00080344918203,-0.000803449
pair_0_2,0/2,2461,0.4,5.126268193869951e-05,-5.12627e-05
pair_0_2,0/2,2461,0.4,0.0007018268869486,0.000701827
pair_0_2,0/2,2461,0.4,0.0001462336910502,-0.000146234
pair_0_2,0/2,2461,0.4,0.0001310793646617,0.000131079
pair_0_2,0/2,2461,0.45,0.0004734474370987,0.000473447
pair_0_2,0/2,2461,0.45,0.0003779163321169,-0.000377916
pair_0_2,0/2,2461,0.45,0.000360645436842,0.000360645
pair_0_2,0/2,2461,0.45,0.0007989374994157,0.000798937
pair_0_2,0/2,2461,0.45,0.000630269560553,0.00063027
pair_0_2,0/2,2461,0.45,0.0002232081538123,0.000223208
pair_0_2,0/2,2461,0.45,0.0009859440836282,-0.000985944
pair_0_2,0/2,2461,0.45,0.0003343085237415,-0.000334309
pair_0_2,0/2,2461,0.45,0.0010538745046014,-0.00105387
pair_0_2,0/2,2461,0.45,6.26613027905211e-05,-6.26613e-05
pair_0_2,0/2,2461,0.45,0.0002917355642681,-0.000291736
pair_0_2,0/2,2461,0.45,0.0011794180793985,-0.00117942
pair_0_2,0/2,2461,0.45,8.550027795602466e-05,-8.55003e-05
pair_0_2,0/2,2461,0.45,0.0001949804110664,0.00019498
pair_0_2,0/2,2461,0.45,0.0007224922475422,0.000722492
pair_0_2,0/2,2461,0.45,0.0014464728023112,-0.00144647
pair_0_2,0/2,2461,0.45,0.0006128958922932,0.000612896
pair_0_2,0/2,2461,0.45,0.0004109383301568,0.000410938
pair_0_2,0/2,2461,0.45,0.0002041016622867,-0.000204102
pair_0_2,0/2,2461,0.45,2.1040867906515904e-05,2.10409e-05
pair_0_2,0/2,2461,0.45,0.0007943884184032,-0.000794388
pair_0_2,0/2,2461,0.45,0.0013816500877526,0.00138165
pair_0_2,0/2,2461,0.45,0.0008463002821721,0.0008463
pair_0_2,0/2,2461,0.45,0.0011377039278023,-0.0011377
pair_0_2,0/2,2461,0.45,0.0002409954382331,0.000240995
pair_0_2,0/2,2461,0.45,7.264813608787345e-05,-7.26481e-05
pair_0_2,0/2,2461,0.45,2.9852764760685692e-05,2.98528e-05
pair_0_2,0/2,2461,0.45,0.0014277063724259,0.00142771
pair_0_2,0/2,2461,0.45,0.0002805722841862,0.000280572
pair_0_2,0/2,2461,0.45,0.0014212404555315,-0.00142124
pair_0_2,0/2,2461,0.5,7.106094677411211e-05,-7.10609e-05
pair_0_2,0/2,2461,0.5,0.0006439033521191,-0.000643903
pair_0_2,0/2,2461,0.5,0.0011157046711004,-0.0011157
pair_0_2,0/2,2461,0.5,0.000206640782413,-0.000206641
pair_0_2,0/2,2461,0.5,0.0012282639469915,0.00122826
pair_0_2,0/2,2461,0.5,0.0009489139691302,-0.000948914
pair_0_2,0/2,2461,0.5,0.0007359629713036,0.000735963
pair_0_2,0/2,2461,0.5,0.0002678646026605,-0.000267865
pair_0_2,0/2,2461,0.5,0.0005740019312843,0.000574002
pair_0_2,0/2,2461,0.5,0.0008290847676015,0.000829085
pair_0_2,0/2,2461,0.5,3.046615626218902e-05,-3.04662e-05
pair_0_2,0/2,2461,0.5,0.0036264364883922,-0.00362644
pair_0_2,0/2,2461,0.5,0.0009561247763305,-0.000956125
pair_0_2,0/2,2461,0.5,0.0009673465277243,-0.000967347
pair_0_2,0/2,2461,0.5,3.8372553661274784e-05,3.83726e-05
pair_0_2,0/2,2461,0.5,0.0004130611488859,-0.000413061
pair_0_2,0/2,2461,0.5,0.0002936647137612,-0.000293665
pair_0_2,0/2,2461,0.5,0.0001245344749751,-0.000124534
pair_0_2,0/2,2461,0.5,0.0001853374557822,-0.000185337
pair_0_2,0/2,2461,0.5,0.0004869488486727,-0.000486949
pair_0_2,0/2,2461,0.5,0.0007668949898975,0.000766895
pair_0_2,0/2,2461,0.5,0.0007463374896372,-0.000746337
pair_0_2,0/2,2461,0.5,0.0008377925091888,0.000837793
pair_0_2,0/2,2461,0.5,0.0006707401557723,-0.00067074
pair_0_2,0/2,2461,0.5,0.000162060560576,0.000162061
pair_0_2,0/2,2461,0.5,2.8058222136657008e-05,2.80582e-05
pair_0_2,0/2,2461,0.5,0.0001466606475161,0.000146661
pair_0_2,0/2,2461,0.5,0.0009521938957074,-0.000952194
pair_0_2,0/2,2461,0.5,0.001771898288119,0.0017719
pair_0_2,0/2,2461,0.5,0.001252169578105,0.00125217
pair_0_2,0/2,2461,0.55,0.0002546114750542,-0.000254611
pair_0_2,0/2,2461,0.55,0.0008115437383878,0.000811544
pair_0_2,0/2,2461,0.55,0.0002038410804515,-0.000203841
pair_0_2,0/2,2461,0.55,0.0011541923564482,-0.00115419
pair_0_2,0/2,2461,0.55,0.0002217753138744,0.000221775
pair_0_2,0/2,2461,0.55,0.0013146733547155,-0.00131467
pair_0_2,0/2,2461,0.55,0.0006009052464646,0.000600905
pair_0_2,0/2,2461,0.55,0.0016190699057528,-0.00161907
pair_0_2,0/2,2461,0.55,0.0002839277009264,-0.000283928
pair_0_2,0/2,2461,0.55,3.094022413936119e-05,-3.09402e-05
pair_0_2,0/2,2461,0.55,0.0019157767915615,-0.00191578
pair_0_2,0/2,2461,0.55,0.0011306619829267,-0.00113066
pair_0_2,0/2,2461,0.55,0.0010914169312963,-0.00109142
pair_0_2,0/2,2461,0.55,6.669894198870589e-05,-6.66989e-05
pair_0_2,0/2,2461,0.55,0.0006480820755302,0.000648082
pair_0_2,0/2,2461,0.55,0.0011611612769743,0.00116116
pair_0_2,0/2,2461,0.55,3.4053062051349594e-05,-3.40531e-05
pair_0_2,0/2,2461,0.55,0.000846258569315,0.000846259
pair_0_2,0/2,2461,0.55,0.0003084453369136,0.000308445
pair_0_2,0/2,2461,0.55,0.000629516336091,0.000629516
pair_0_2,0/2,2461,0.55,2.0715927320048973e-05,2.07159e-05
pair_0_2,0/2,2461,0.55,0.0003984914737876,0.000398491
pair_0_2,0/2,2461,0.55,0.0003933606578623,-0.000393361
pair_0_2,0/2,2461,0.55,0.0017240632369262,0.00172406
pair_0_2,0/2,2461,0.55,0.0011268090651797,-0.00112681
pair_0_2,0/2,2461,0.55,0.0003686679053934,-0.000368668
pair_0_2,0/2,2461,0.55,0.0006401295167999,0.00064013
pair_0_2,0/2,2461,0.55,0.0008659106198037,-0.000865911
pair_0_2,0/2,2461,0.55,0.0004420834568569,-0.000442083
pair_0_2,0/2,2461,0.55,0.0006956460671307,0.000695646
pair_0_2,0/2,2461,0.6,0.0001396793883505,0.000139679
pair_0_2,0/2,2461,0.6,6.441463680438235e-05,-6.44146e-05
pair_0_2,0/2,2461,0.6,0.0001704012049471,-0.000170401
pair_0_2,0/2,2461,0.6,0.0012270747351177,-0.00122707
pair_0_2,0/2,2461,0.6,0.0014786921889058,-0.00147869
pair_0_2,0/2,2461,0.6,0.0010674159882343,-0.00106742
pair_0_2,0/2,2461,0.6,0.0005722490053358,-0.000572249
pair_0_2,0/2,2461,0.6,0.0004636776601309,0.000463678
pair_0_2,0/2,2461,0.6,0.0002285167431565,0.000228517
pair_0_2,0/2,2461,0.6,0.0001046783594557,0.000104678
pair_0_2,0/2,2461,0.6,0.0004902091707173,0.000490209
pair_0_2,0/2,2461,0.6,0.000956913240482,-0.000956913
pair_0_2,0/2,2461,0.6,0.0007278243482966,-0.000727824
pair_0_2,0/2,2461,0.6,0.0002049782201489,0.000204978
pair_0_2,0/2,2461,0.6,0.0004530706311892,-0.000453071
pair_0_2,0/2,2461,0.6,0.0005290500561378,-0.00052905
pair_0_2,0/2,2461,0.6,0.0022740931560035,-0.00227409
pair_0_2,0/2,2461,0.6,0.0015447033571277,-0.0015447
pair_0_2,0/2,2461,0.6,0.0012425081661432,-0.00124251
pair_0_2,0/2,2461,0.6,0.0019691035569573,-0.0019691
pair_0_2,0/2,2461,0.6,0.001107539071557,0.00110754
pair_0_2,0/2,2461,0.6,0.0015028460525987,-0.00150285
pair_0_2,0/2,2461,0.6,6.347465859864492e-05,-6.34747e-05
pair_0_2,0/2,2461,0.6,0.0002779748055769,-0.000277975
pair_0_2,0/2,2461,0.6,0.0002263377693482,0.000226338
pair_0_2,0/2,2461,0.6,0.0003089471647127,0.000308947
pair_0_2,0/2,2461,0.6,0.0017599752660162,-0.00175998
pair_0_2,0/2,2461,0.6,0.0008346088949853,0.000834609
pair_0_2,0/2,2461,0.6,0.0004571564552564,0.000457156
pair_0_2,0/2,2461,0.6,0.0008417396706963,-0.00084174
pair_0_2,0/2,2461,0.65,0.0002151457733455,0.000215146
pair_0_2,0/2,2461,0.65,0.0006922147340142,-0.000692215
pair_0_2,0/2,2461,0.65,0.0015956859814232,0.00159569
pair_0_2,0/2,2461,0.65,0.001880423680497,0.00188042
pair_0_2,0/2,2461,0.65,0.0009456582625991,0.000945658
pair_0_2,0/2,2461,0.65,0.0007318098337416,-0.00073181
pair_0_2,0/2,2461,0.65,0.0012059392955463,-0.00120594
pair_0_2,0/2,2461,0.65,0.0003105577494923,-0.000310558
pair_0_2,0/2,2461,0.65,0.0016188134022386,-0.00161881
pair_0_2,0/2,2461,0.65,0.0019110871805339,-0.00191109
pair_0_2,0/2,2461,0.65,0.0007744446700945,0.000774445
pair_0_2,0/2,2461,0.65,0.0004250650082204,0.000425065
pair_0_2,0/2,2461,0.65,0.0034898488975563,-0.00348985
pair_0_2,0/2,2461,0.65,0.0022154795248433,0.00221548
pair_0_2,0/2,2461,0.65,0.0016778674857704,0.00167787
pair_0_2,0/2,2461,0.65,0.0016495896881352,0.00164959
pair_0_2,0/2,2461,0.65,0.0014078826628176,0.00140788
pair_0_2,0/2,2461,0.65,0.0013753294218306,-0.00137533
pair_0_2,0/2,2461,0.65,0.0009319593330431,-0.000931959
pair_0_2,0/2,2461,0.65,0.0001982552458622,-0.000198255
pair_0_2,0/2,2461,0.65,0.0014466692822542,0.00144667
pair_0_2,0/2,2461,0.65,0.0010684537622702,0.00106845
pair_0_2,0/2,2461,0.65,0.0018517475500093,0.00185175
pair_0_2,0/2,2461,0.65,0.0020801804948727,-0.00208018
pair_0_2,0/2,2461,0.65,0.0011245593564279,-0.00112456
pair_0_2,0/2,2461,0.65,0.0021504591497061,-0.00215046
pair_0_2,0/2,2461,0.65,0.0012662558292037,-0.00126626
pair_0_2,0/2,2461,0.65,0.0010518080359147,-0.00105181
pair_0_2,0/2,2461,0.65,0.0002654884589522,-0.000265488
pair_0_2,0/2,2461,0.65,0.0002267310366183,0.000226731
pair_0_2,0/2,2461,0.7,1.5088036958803688e-05,-1.5088e-05
pair_0_2,0/2,2461,0.7,0.0014829818657063,0.00148298
pair_0_2,0/2,2461,0.7,0.0012173176697894,-0.00121732
pair_0_2,0/2,2461,0.7,0.0022420172983091,0.00224202
pair_0_2,0/2,2461,0.7,0.0013415840523679,0.00134158
pair_0_2,0/2,2461,0.7,0.0007738006208041,-0.000773801
pair_0_2,0/2,2461,0.7,0.0002845822989694,-0.000284582
pair_0_2,0/2,2461,0.7,0.0022251216590751,-0.00222512
pair_0_2,0/2,2461,0.7,0.0008115379257284,-0.000811538
pair_0_2,0/2,2461,0.7,0.0011601715376312,0.00116017
pair_0_2,0/2,2461,0.7,0.0008185935521891,0.000818594
pair_0_2,0/2,2461,0.7,0.0019850706487958,-0.00198507
pair_0_2,0/2,2461,0.7,0.0005675067640491,0.000567507
pair_0_2,0/2,2461,0.7,0.0008995596748089,0.00089956
pair_0_2,0/2,2461,0.7,0.0009396085747892,-0.000939609
pair_0_2,0/2,2461,0.7,0.0016005905919403,0.00160059
pair_0_2,0/2,2461,0.7,0.0005959830331482,0.000595983
pair_0_2,0/2,2461,0.7,0.0021339721833982,-0.00213397
pair_0_2,0/2,2461,0.7,0.0007147831688998,-0.000714783
pair_0_2,0/2,2461,0.7,0.0016177504501729,0.00161775
pair_0_2,0/2,2461,0.7,0.0005625078416946,-0.000562508
pair_0_2,0/2,2461,0.7,0.0003934554993564,0.000393455
pair_0_2,0/2,2461,0.7,0.0012355167580289,-0.00123552
pair_0_2,0/2,2461,0.7,0.0027679225006876,-0.00276792
pair_0_2,0/2,2461,0.7,0.0036504139591509,-0.00365041
pair_0_2,0/2,2461,0.7,0.00091668221879,-0.000916682
pair_0_2,0/2,2461,0.7,0.0016585507947615,-0.00165855
pair_0_2,0/2,2461,0.7,0.0024962776291715,-0.00249628
pair_0_2,0/2,2461,0.7,0.0006876126303392,-0.000687613
pair_0_2,0/2,2461,0.7,0.0017870264416199,-0.00178703
pair_0_2,0/2,2461,0.75,0.0006255473343089,0.000625547
pair_0_2,0/2,2461,0.75,0.0016231528047233,0.00162315
pair_0_2,0/2,2461,0.75,2.4059884573878272e-05,-2.40599e-05
pair_0_2,0/2,2461,0.75,0.0001358553743518,0.000135855
pair_0_2,0/2,2461,0.75,0.0006532229308591,-0.000653223
pair_0_2,0/2,2461,0.75,0.0004669665152648,0.000466967
pair_0_2,0/2,2461,0.75,0.0022084380996935,-0.00220844
pair_0_2,0/2,2461,0.75,0.0005102718391018,-0.000510272
pair_0_2,0/2,2461,0.75,0.0028410708006296,0.00284107
pair_0_2,0/2,2461,0.75,0.0004371546273063,-0.000437155
pair_0_2,0/2,2461,0.75,0.0028187404977392,-0.00281874
pair_0_2,0/2,2461,0.75,0.0012263490750419,0.00122635
pair_0_2,0/2,2461,0.75,0.000975686148635,-0.000975686
pair_0_2,0/2,2461,0.75,0.0006348019678381,-0.000634802
pair_0_2,0/2,2461,0.75,0.0007705847724924,-0.000770585
pair_0_2,0/2,2461,0.75,0.0023789451917407,-0.00237895
pair_0_2,0/2,2461,0.75,0.0013753853637794,0.00137539
pair_0_2,0/2,2461,0.75,0.0006607866493681,0.000660787
pair_0_2,0/2,2461,0.75,0.0026678525558032,0.00266785
pair_0_2,0/2,2461,0.75,0.0010348534419878,0.00103485
pair_0_2,0/2,2461,0.75,0.0009057743739118,-0.000905774
pair_0_2,0/2,2461,0.75,0.0026159973897759,-0.002616
pair_0_2,0/2,2461,0.75,0.0032469956807619,0.003247
pair_0_2,0/2,2461,0.75,0.0014056821415782,0.00140568
pair_0_2,0/2,2461,0.75,0.0004723165915971,-0.000472317
pair_0_2,0/2,2461,0.75,0.0013944820314897,-0.00139448
pair_0_2,0/2,2461,0.75,0.0022100595203744,-0.00221006
pair_0_2,0/2,2461,0.75,0.0011945296229555,0.00119453
pair_0_2,0/2,2461,0.75,0.0006821022215719,-0.000682102
pair_0_2,0/2,2461,0.75,0.0012647109996268,0.00126471
pair_0_2,0/2,2461,0.8,0.0029430121041587,-0.00294301
pair_0_2,0/2,2461,0.8,0.002110351849375,-0.00211035
pair_0_2,0/2,2461,0.8,7.139180525427646e-05,7.13918e-05
pair_0_2,0/2,2461,0.8,0.0027506168622288,-0.00275062
pair_0_2,0/2,2461,0.8,0.0003542953385339,0.000354295
pair_0_2,0/2,2461,0.8,0.0029471467888812,-0.00294715
pair_0_2,0/2,2461,0.8,0.0002331144800296,0.000233114
pair_0_2,0/2,2461,0.8,0.0026728120985782,-0.00267281
pair_0_2,0/2,2461,0.8,0.0005532493473953,-0.000553249
pair_0_2,0/2,2461,0.8,0.000154675828174,0.000154676
pair_0_2,0/2,2461,0.8,0.0009233373404278,0.000923337
pair_0_2,0/2,2461,0.8,0.0002656107188288,0.000265611
pair_0_2,0/2,2461,0.8,0.0004214337328567,-0.000421434
pair_0_2,0/2,2461,0.8,0.0026875290495684,0.00268753
pair_0_2,0/2,2461,0.8,0.0004603723788772,0.000460372
pair_0_2,0/2,2461,0.8,0.0015492510801297,0.00154925
pair_0_2,0/2,2461,0.8,0.001930284405056,-0.00193028
pair_0_2,0/2,2461,0.8,0.001964569281116,-0.00196457
pair_0_2,0/2,2461,0.8,0.0008815546194645,0.000881555
pair_0_2,0/2,2461,0.8,0.0006642457616992,0.000664246
pair_0_2,0/2,2461,0.8,0.0016734839111123,-0.00167348
pair_0_2,0/2,2461,0.8,0.0007234203644668,-0.00072342
pair_0_2,0/2,2461,0.8,9.818581591138118e-07,-9.81858e-07
pair_0_2,0/2,2461,0.8,6.492446443301265e-05,6.49245e-05
pair_0_2,0/2,2461,0.8,0.0010262922049053,0.00102629
pair_0_2,0/2,2461,0.8,0.0015932554461168,-0.00159326
pair_0_2,0/2,2461,0.8,0.0003873308007097,-0.000387331
pair_0_2,0/2,2461,0.8,0.0012970268811197,0.00129703
pair_0_2,0/2,2461,0.8,0.0010750336784385,0.00107503
pair_0_2,0/2,2461,0.8,0.0022791086318144,0.00227911
pair_0_2,0/2,2461,0.85,0.0015733490594306,-0.00157335
pair_0_2,0/2,2461,0.85,0.0010503044497841,-0.0010503
pair_0_2,0/2,2461,0.85,0.0011479535671253,-0.00114795
pair_0_2,0/2,2461,0.85,0.0027637224292563,0.00276372
pair_0_2,0/2,2461,0.85,0.0002620808047892,-0.000262081
pair_0_2,0/2,2461,0.85,0.0005291225133085,0.000529123
pair_0_2,0/2,2461,0.85,0.0034740127843383,0.00347401
pair_0_2,0/2,2461,0.85,0.0044178857108389,0.00441789
pair_0_2,0/2,2461,0.85,0.0040589425947039,-0.00405894
pair_0_2,0/2,2461,0.85,0.0005606623179552,-0.000560662
pair_0_2,0/2,2461,0.85,0.0005215212368614,-0.000521521
pair_0_2,0/2,2461,0.85,7.268790493658297e-05,7.26879e-05
pair_0_2,0/2,2461,0.85,0.0001650199062464,0.00016502
pair_0_2,0/2,2461,0.85,0.0006191348777892,0.000619135
pair_0_2,0/2,2461,0.85,0.0023946143574681,-0.00239461
pair_0_2,0/2,2461,0.85,0.0006289442583306,0.000628944
pair_0_2,0/2,2461,0.85,0.0018433453528182,-0.00184335
pair_0_2,0/2,2461,0.85,0.0042139586690372,0.00421396
pair_0_2,0/2,2461,0.85,0.0002600004062775,0.00026
pair_0_2,0/2,2461,0.85,0.0004674697313377,-0.00046747
pair_0_2,0/2,2461,0.85,0.0006231559619246,0.000623156
pair_0_2,0/2,2461,0.85,0.0017760611769605,-0.00177606
pair_0_2,0/2,2461,0.85,0.0024829898863702,0.00248299
pair_0_2,0/2,2461,0.85,0.0009671086341195,-0.000967109
pair_0_2,0/2,2461,0.85,0.0012499522292274,-0.00124995
pair_0_2,0/2,2461,0.85,0.0006010401875712,0.00060104
pair_0_2,0/2,2461,0.85,0.0002602430191474,0.000260243
pair_0_2,0/2,2461,0.85,6.638179532585713e-05,-6.63818e-05
pair_0_2,0/2,2461,0.85,0.0006588759997893,-0.000658876
pair_0_2,0/2,2461,0.85,0.0024178031140752,-0.0024178
pair_0_2,0/2,2461,0.9,0.0018149564107768,-0.00181496
pair_0_2,0/2,2461,0.9,0.0017192921737768,-0.00171929
pair_0_2,0/2,2461,0.9,0.0009023541213976,0.000902354
pair_0_2,0/2,2461,0.9,0.0027513548588925,-0.00275135
pair_0_2,0/2,2461,0.9,0.000189505580661,0.000189506
pair_0_2,0/2,2461,0.9,0.0022477863553688,0.00224779
pair_0_2,0/2,2461,0.9,0.0031926868688225,-0.00319269
pair_0_2,0/2,2461,0.9,0.003398079785292,-0.00339808
pair_0_2,0/2,2461,0.9,0.0028898227038236,-0.00288982
pair_0_2,0/2,2461,0.9,0.0033708899794286,-0.00337089
pair_0_2,0/2,2461,0.9,0.0008762571059803,-0.000876257
pair_0_2,0/2,2461,0.9,0.0009124743676916,-0.000912474
pair_0_2,0/2,2461,0.9,0.0022019616147295,-0.00220196
pair_0_2,0/2,2461,0.9,0.0016756933725372,0.00167569
pair_0_2,0/2,2461,0.9,0.0021241920277658,-0.00212419
pair_0_2,0/2,2461,0.9,0.0012228567066959,-0.00122286
pair_0_2,0/2,2461,0.9,0.0036893093111501,0.00368931
pair_0_2,0/2,2461,0.9,2.838287269818584e-05,-2.83829e-05
pair_0_2,0/2,2461,0.9,0.0025833523127576,-0.00258335
pair_0_2,0/2,2461,0.9,0.0029034461177452,0.00290345
pair_0_2,0/2,2461,0.9,0.0031143535221672,0.00311435
pair_0_2,0/2,2461,0.9,0.0043320543902652,0.00433205
pair_0_2,0/2,2461,0.9,0.0006732741151118,-0.000673274
pair_0_2,0/2,2461,0.9,0.0011012990587015,0.0011013
pair_0_2,0/2,2461,0.9,0.0032113616018927,-0.00321136
pair_0_2,0/2,2461,0.9,0.0034595998299239,0.0034596
pair_0_2,0/2,2461,0.9,0.0019858430370423,-0.00198584
pair_0_2,0/2,2461,0.9,0.0005092161945593,0.000509216
pair_0_2,0/2,2461,0.9,0.0016116616282131,-0.00161166
pair_0_2,0/2,2461,0.9,0.002100835919516,-0.00210084
pair_0_2,0/2,2461,0.95,0.0004688266237865,-0.000468827
pair_0_2,0/2,2461,0.95,0.0038511275972413,0.00385113
pair_0_2,0/2,2461,0.95,0.000704783062649,-0.000704783
pair_0_2,0/2,2461,0.95,0.0009455290104382,-0.000945529
pair_0_2,0/2,2461,0.95,0.003513096154374,0.0035131
pair_0_2,0/2,2461,0.95,0.000103110296009,-0.00010311
pair_0_2,0/2,2461,0.95,0.0038154521533118,0.00381545
pair_0_2,0/2,2461,0.95,0.0020039262877318,0.00200393
pair_0_2,0/2,2461,0.95,0.0009445084968714,0.000944508
pair_0_2,0/2,2461,0.95,0.0024897751466391,-0.00248978
pair_0_2,0/2,2461,0.95,7.613182629974597e-05,7.61318e-05
pair_0_2,0/2,2461,0.95,0.0006705647144455,0.000670565
pair_0_2,0/2,2461,0.95,0.0023876971100339,-0.0023877
pair_0_2,0/2,2461,0.95,0.000965890031619,0.00096589
pair_0_2,0/2,2461,0.95,0.000619984784782,0.000619985
pair_0_2,0/2,2461,0.95,0.0012726803951245,-0.00127268
pair_0_2,0/2,2461,0.95,0.0013344252040342,0.00133443
pair_0_2,0/2,2461,0.95,0.0023785277999526,-0.00237853
pair_0_2,0/2,2461,0.95,0.0023328192957026,0.00233282
pair_0_2,0/2,2461,0.95,0.0016959848910538,0.00169598
pair_0_2,0/2,2461,0.95,0.0005056346594128,-0.000505635
pair_0_2,0/2,2461,0.95,0.0014035262000442,-0.00140353
pair_0_2,0/2,2461,0.95,0.004850590960543,0.00485059
pair_0_2,0/2,2461,0.95,0.0027606750829762,0.00276068
pair_0_2,0/2,2461,0.95,0.002212244125366,0.00221224
pair_0_2,0/2,2461,0.95,0.0001985046125279,-0.000198505
pair_0_2,0/2,2461,0.95,0.0021244523787935,-0.00212445
pair_0_2,0/2,2461,0.95,0.0013342324041807,-0.00133423
pair_0_2,0/2,2461,0.95,0.0024941658760476,-0.00249417
pair_0_2,0/2,2461,0.95,0.0016158782485463,-0.00161588
pair_0_2,0/2,2461,1.0,0.0023359068461731,0.00233591
pair_0_2,0/2,2461,1.0,0.0014914517209804,0.00149145
pair_0_2,0/2,2461,1.0,0.00133896156602,-0.00133896
pair_0_2,0/2,2461,1.0,0.0046504156810343,0.00465042
pair_0_2,0/2,2461,1.0,0.0003841521464154,-0.000384152
pair_0_2,0/2,2461,1.0,0.0018350004451342,-0.001835
pair_0_2,0/2,2461,1.0,0.0028426094266369,-0.00284261
pair_0_2,0/2,2461,1.0,0.0006986824525974,0.000698682
pair_0_2,0/2,2461,1.0,0.0012465423547405,-0.00124654
pair_0_2,0/2,2461,1.0,0.0006841510781624,0.000684151
pair_0_2,0/2,2461,1.0,0.0022666110717999,-0.00226661
pair_0_2,0/2,2461,1.0,0.0004053559427843,-0.000405356
pair_0_2,0/2,2461,1.0,0.0006583956667872,-0.000658396
pair_0_2,0/2,2461,1.0,0.001333912221929,-0.00133391
pair_0_2,0/2,2461,1.0,0.0015927066544467,0.00159271
pair_0_2,0/2,2461,1.0,3.596404361412852e-05,-3.5964e-05
pair_0_2,0/2,2461,1.0,0.0031689269403955,0.00316893
pair_0_2,0/2,2461,1.0,0.0056464202606769,0.00564642
pair_0_2,0/2,2461,1.0,0.0014104901383249,-0.00141049
pair_0_2,0/2,2461,1.0,0.0027022746403352,0.00270227
pair_0_2,0/2,2461,1.0,0.0005348971795306,-0.000534897
pair_0_2,0/2,2461,1.0,0.0011683848013502,-0.00116838
pair_0_2,0/2,2461,1.0,0.002138953533798,-0.00213895
pair_0_2,0/2,2461,1.0,0.0009176972159567,0.000917697
pair_0_2,0/2,2461,1.0,0.0039370691069316,0.00393707
pair_0_2,0/2,2461,1.0,0.0028873172861013,-0.00288732
pair_0_2,0/2,2461,1.0,0.0011527984616206,-0.0011528
pair_0_2,0/2,2461,1.0,0.0028552509182942,0.00285525
pair_0_2,0/2,2461,1.0,0.0010910976540287,0.0010911
pair_0_2,0/2,2461,1.0,0.0011907995237033,0.0011908
