source,case_id,case_label,eta,nmstv,radius,phi_gap_to_even_odd,abs_phi_gap_to_even_odd,dphi_dr_gap_to_even_odd,abs_dphi_dr_gap_to_even_odd,curvature_gap_to_even_odd,abs_curvature_gap_to_even_odd,positive_curvature_gap_to_even_odd,abs_positive_curvature_gap_to_even_odd
eta_flip,eta_0.02,eta=0.02,0.02,0.3569686266284974,0.01,-9.193278128995339e-05,9.193278128995339e-05,-0.003196484800351714,0.003196484800351714,-0.15963115151075247,0.15963115151075247,0.0,0.0
eta_flip,eta_0.02,eta=0.02,0.02,0.3569686266284974,0.02,-0.00010740334219155672,0.00010740334219155672,-0.004792796315459237,0.004792796315459237,-0.19162754702089296,0.19162754702089296,0.0,0.0
eta_flip,eta_0.02,eta=0.02,0.02,0.3569686266284974,0.03,-0.00014174294398892998,0.00014174294398892998,-0.00702903574076957,0.00702903574076957,-0.2447532664596535,0.2447532664596535,0.0,0.0
eta_flip,eta_0.02,eta=0.02,0.02,0.3569686266284974,0.04,-0.00020779774319426656,0.00020779774319426656,-0.009687861644652306,0.009687861644652306,-0.2925247699523166,0.2925247699523166,0.0,0.0
eta_flip,eta_0.02,eta=0.02,0.02,0.3569686266284974,0.05,-0.00031528176512365664,0.00031528176512365664,-0.012879531139815902,0.012879531139815902,-0.32148169134677984,0.32148169134677984,0.0,0.0
eta_flip,eta_0.02,eta=0.02,0.02,0.3569686266284974,0.06,-0.00046222247711252655,0.00046222247711252655,-0.016117495471587896,0.016117495471587896,-0.2950687994299368,0.2950687994299368,0.0,0.0
eta_flip,eta_0.02,eta=0.02,0.02,0.3569686266284974,0.07,-0.0006592964064703101,0.0006592964064703101,-0.01878090712841464,0.01878090712841464,-0.21763159192064174,0.21763159192064174,0.0,0.0
eta_flip,eta_0.02,eta=0.02,0.02,0.3569686266284974,0.08,-0.0008653992254593166,0.0008653992254593166,-0.020470127310000738,0.020470127310000738,-0.1979513547398799,0.1979513547398799,0.0,0.0
eta_flip,eta_0.02,eta=0.02,0.02,0.3569686266284974,0.09,-0.0011370712575964202,0.0011370712575964202,-0.02273993422321223,0.02273993422321223,-0.24634863331203305,0.24634863331203305,0.0,0.0
eta_flip,eta_0.02,eta=0.02,0.02,0.3569686266284974,0.1,-0.001368524394606374,0.001368524394606374,-0.025397099976241386,0.025397099976241386,-0.19173419298729977,0.19173419298729977,0.0,0.0
eta_flip,eta_0.02,eta=0.02,0.02,0.3569686266284974,0.11,-0.0016103432905548729,0.0016103432905548729,-0.026574618082958232,0.026574618082958232,-0.16386846864209403,0.16386846864209403,0.0,0.0
eta_flip,eta_0.02,eta=0.02,0.02,0.3569686266284974,0.12,-0.0017785540411631544,0.0017785540411631544,-0.02867446934908327,0.02867446934908327,-0.2032063539407558,0.2032063539407558,0.0,0.0
eta_flip,eta_0.02,eta=0.02,0.02,0.3569686266284974,0.13,-0.0021825409923227424,0.0021825409923227424,-0.030638745161773354,0.030638745161773354,-0.01960123004519032,0.01960123004519032,0.009821352928293987,0.009821352928293987
eta_flip,eta_0.02,eta=0.02,0.02,0.3569686266284974,0.14,-0.0024945718879338897,0.0024945718879338897,-0.029066493949987074,0.029066493949987074,0.07415462431616093,0.07415462431616093,0.03798636468926319,0.03798636468926319
eta_flip,eta_0.02,eta=0.02,0.02,0.3569686266284974,0.15,-0.002750570275609888,0.002750570275609888,-0.029155652675450103,0.029155652675450103,-0.03899607305717301,0.03899607305717301,0.05318408375409789,0.05318408375409789
eta_flip,eta_0.02,eta=0.02,0.02,0.3569686266284974,0.16,-0.0032663259163175067,0.0032663259163175067,-0.02984641541113056,0.02984641541113056,-0.03026325842786698,0.03026325842786698,0.06019374646407112,0.06019374646407112
eta_flip,eta_0.02,eta=0.02,0.02,0.3569686266284974,0.17,-0.003528694058533557,0.003528694058533557,-0.02976091784400746,0.02976091784400746,-0.11882949135291865,0.11882949135291865,0.04301511498571059,0.04301511498571059
eta_flip,eta_0.02,eta=0.02,0.02,0.3569686266284974,0.18,-0.003519482779625884,0.003519482779625884,-0.0322230052381889,0.0322230052381889,-0.12891568938699605,0.12891568938699605,0.05107078494929568,0.05107078494929568
eta_flip,eta_0.02,eta=0.02,0.02,0.3569686266284974,0.19,-0.003951205926655165,0.003951205926655165,-0.03233923163174737,0.03233923163174737,0.19201645906701448,0.19201645906701448,0.1888631599076664,0.1888631599076664
eta_flip,eta_0.02,eta=0.02,0.02,0.3569686266284974,0.2,-0.004188387264389012,0.004188387264389012,-0.028382676056848632,0.028382676056848632,0.01701104128037942,0.01701104128037942,0.1586497415144663,0.1586497415144663
eta_flip,eta_0.02,eta=0.02,0.02,0.3569686266284974,0.21,-0.004655254114028666,0.004655254114028666,-0.03199901080613976,0.03199901080613976,-0.23965532495077818,0.23965532495077818,-0.03773383647172035,0.03773383647172035
eta_flip,eta_0.02,eta=0.02,0.02,0.3569686266284974,0.22,-0.00510110878286156,0.00510110878286156,-0.0331757825558642,0.0331757825558642,0.2984929772813409,0.2984929772813409,0.35670748295933224,0.35670748295933224
eta_flip,eta_0.02,eta=0.02,0.02,0.3569686266284974,0.23,-0.005443279837510466,0.005443279837510466,-0.026029151260512945,0.026029151260512945,0.26482595525938973,0.26482595525938973,0.3991044517518532,0.3991044517518532
eta_flip,eta_0.02,eta=0.02,0.02,0.3569686266284974,0.24,-0.0053253147852994065,0.0053253147852994065,-0.027879263450676345,0.027879263450676345,-0.22562111917782526,0.22562111917782526,-0.07783249048147373,0.07783249048147373
eta_flip,eta_0.02,eta=0.02,0.02,0.3569686266284974,0.25,-0.006202723565719603,0.006202723565719603,-0.030541573644069425,0.030541573644069425,0.0730527881862667,0.0730527881862667,0.12947173855165567,0.12947173855165567
eta_flip,eta_0.02,eta=0.02,0.02,0.3569686266284974,0.26,-0.005912574698382429,0.005912574698382429,-0.02641820768695105,0.02641820768695105,-0.04938621857870429,0.04938621857870429,0.07282162546031185,0.07282162546031185
eta_flip,eta_0.02,eta=0.02,0.02,0.3569686266284974,0.27,-0.005871099669133562,0.005871099669133562,-0.031529298015643525,0.031529298015643525,0.06978582119465254,0.06978582119465254,0.18088106094175127,0.18088106094175127
eta_flip,eta_0.02,eta=0.02,0.02,0.3569686266284974,0.28,-0.0068756385923788126,0.0068756385923788126,-0.025022491263057972,0.025022491263057972,0.5204623253102018,0.5204623253102018,0.4237777977270379,0.4237777977270379
eta_flip,eta_0.02,eta=0.02,0.02,0.3569686266284974,0.29,-0.007156544614681147,0.007156544614681147,-0.02112005150943949,0.02112005150943949,-0.1529344727598377,0.1529344727598377,0.03428667262844032,0.03428667262844032
eta_flip,eta_0.02,eta=0.02,0.02,0.3569686266284974,0.3,-0.007086393081864036,0.007086393081864036,-0.028081180718254786,0.028081180718254786,0.23609445402802964,0.23609445402802964,0.4352289251480577,0.4352289251480577
eta_flip,eta_0.02,eta=0.02,0.02,0.3569686266284974,0.31,-0.008096303263135936,0.008096303263135936,-0.016398162428878912,0.016398162428878912,0.5923175687177481,0.5923175687177481,0.4494917133963411,0.4494917133963411
eta_flip,eta_0.02,eta=0.02,0.02,0.3569686266284974,0.32,-0.006934883864711187,0.006934883864711187,-0.01623482934389983,0.01623482934389983,-0.3635964427226527,0.3635964427226527,-0.16040697806980497,0.16040697806980497
eta_flip,eta_0.02,eta=0.02,0.02,0.3569686266284974,0.33,-0.00813722161071238,0.00813722161071238,-0.023670091283331973,0.023670091283331973,-0.002633370958653236,0.002633370958653236,-0.08405540644928633,0.08405540644928633
eta_flip,eta_0.02,eta=0.02,0.02,0.3569686266284974,0.34,-0.007577818057359281,0.007577818057359281,-0.016287496763072895,0.016287496763072895,0.2970439379072707,0.2970439379072707,0.23995244725068798,0.23995244725068798
eta_flip,eta_0.02,eta=0.02,0.02,0.3569686266284974,0.35,-0.007464662944196135,0.007464662944196135,-0.017729212525186513,0.017729212525186513,-0.054640473952032115,0.054640473952032115,0.0002945033805149544,0.0002945033805149544
eta_flip,eta_0.02,eta=0.02,0.02,0.3569686266284974,0.36,-0.0088403963710098,0.0088403963710098,-0.017380306242113522,0.017380306242113522,0.17724138382731497,0.17724138382731497,0.03860891160754787,0.03860891160754787
eta_flip,eta_0.02,eta=0.02,0.02,0.3569686266284974,0.37,-0.008716354105201857,0.008716354105201857,-0.014184384848640194,0.014184384848640194,-0.21700024757187925,0.21700024757187925,-0.24129862073472708,0.24129862073472708
eta_flip,eta_0.02,eta=0.02,0.02,0.3569686266284974,0.38,-0.008746591786628323,0.008746591786628323,-0.021720311193551084,0.021720311193551084,-0.17693042700192474,0.17693042700192474,0.034388937746434256,0.034388937746434256
eta_flip,eta_0.02,eta=0.02,0.02,0.3569686266284974,0.39,-0.008766685094744923,0.008766685094744923,-0.017722993388678707,0.017722993388678707,0.8517897610709395,0.8517897610709395,0.42632119665942436,0.42632119665942436
eta_flip,eta_0.02,eta=0.02,0.02,0.3569686266284974,0.4,-0.008738663254574536,0.008738663254574536,-0.0046845159721322915,0.0046845159721322915,0.8848687381663989,0.8848687381663989,0.4391601232709311,0.4391601232709311
eta_flip,eta_0.02,eta=0.02,0.02,0.3569686266284974,0.41,-0.008962190292306757,0.008962190292306757,-2.5618625350706803e-05,2.5618625350706803e-05,0.0690337355368551,0.0690337355368551,-0.23111676131882664,0.23111676131882664
eta_flip,eta_0.02,eta=0.02,0.02,0.3569686266284974,0.42,-0.009121134276345831,0.009121134276345831,-0.0033038412613952267,0.0033038412613952267,-0.0832092770289976,0.0832092770289976,0.08188391680828044,0.08188391680828044
eta_flip,eta_0.02,eta=0.02,0.02,0.3569686266284974,0.43,-0.009665144113275126,0.009665144113275126,-0.001689804165930675,0.001689804165930675,-0.03970218889271881,0.03970218889271881,0.020907768203795918,0.020907768203795918
eta_flip,eta_0.02,eta=0.02,0.02,0.3569686266284974,0.44,-0.008547438599035055,0.008547438599035055,-0.004097885039249613,0.004097885039249613,0.07453272729264154,0.07453272729264154,0.11093744475637313,0.11093744475637313
eta_flip,eta_0.02,eta=0.02,0.02,0.3569686266284974,0.45,-0.008919093900344226,0.008919093900344226,-0.000199149620077832,0.000199149620077832,0.5370342549132268,0.5370342549132268,0.37281161093454307,0.37281161093454307
eta_flip,eta_0.02,eta=0.02,0.02,0.3569686266284974,0.46,-0.009056720757624356,0.009056720757624356,0.00664280005901495,0.00664280005901495,-0.9086668981498943,0.9086668981498943,-0.2984414586776092,0.2984414586776092
eta_flip,eta_0.02,eta=0.02,0.02,0.3569686266284974,0.47,-0.008685200174925405,0.008685200174925405,-0.01837248758307551,0.01837248758307551,-1.6560640594782612,1.6560640594782612,-0.8264877693442577,0.8264877693442577
eta_flip,eta_0.02,eta=0.02,0.02,0.3569686266284974,0.48,-0.009589357277450833,0.009589357277450833,-0.02647848113055014,0.02647848113055014,0.8566040895332213,0.8566040895332213,0.34435709087025534,0.34435709087025534
eta_flip,eta_0.02,eta=0.02,0.02,0.3569686266284974,0.49,-0.008521848238012643,0.008521848238012643,-0.0012404057924110673,0.0012404057924110673,1.1442653855814324,1.1442653855814324,0.7804034381665206,0.7804034381665206
eta_flip,eta_0.02,eta=0.02,0.02,0.3569686266284974,0.5,-0.009334438143346224,0.009334438143346224,-0.003593173418921458,0.003593173418921458,-0.2530476684600328,0.2530476684600328,0.02729590381119018,0.02729590381119018
eta_flip,eta_0.02,eta=0.02,0.02,0.3569686266284974,0.51,-0.011450292830594531,0.011450292830594531,-0.00630135916161173,0.00630135916161173,-0.27604242867549916,0.27604242867549916,0.09686615380108676,0.09686615380108676
eta_flip,eta_0.02,eta=0.02,0.02,0.3569686266284974,0.52,-0.00972322702706177,0.00972322702706177,-0.009114021992431456,0.009114021992431456,-0.48338026518024374,0.48338026518024374,-0.31574214114592225,0.31574214114592225
eta_flip,eta_0.02,eta=0.02,0.02,0.3569686266284974,0.53,-0.008426244441844359,0.008426244441844359,-0.015968964465216604,0.015968964465216604,0.556382080285069,0.556382080285069,0.4604268046301456,0.4604268046301456
eta_flip,eta_0.02,eta=0.02,0.02,0.3569686266284974,0.54,-0.009818720769354403,0.009818720769354403,0.002013619613269929,0.002013619613269929,1.2441421510536914,1.2441421510536914,0.8615814680114473,0.8615814680114473
eta_flip,eta_0.02,eta=0.02,0.02,0.3569686266284974,0.55,-0.009338026965647492,0.009338026965647492,0.008913878555857235,0.008913878555857235,-0.8106340279116084,0.8106340279116084,0.02450188830844735,0.02450188830844735
eta_flip,eta_0.02,eta=0.02,0.02,0.3569686266284974,0.56,-0.010049141628756399,0.010049141628756399,-0.014199060944962247,0.014199060944962247,-0.9327566013539581,0.9327566013539581,-0.26837013894522477,0.26837013894522477
eta_flip,eta_0.02,eta=0.02,0.02,0.3569686266284974,0.57,-0.010042799777732793,0.010042799777732793,-0.00974125347122215,0.00974125347122215,1.0259917909206875,1.0259917909206875,0.8836113695585904,0.8836113695585904
eta_flip,eta_0.02,eta=0.02,0.02,0.3569686266284974,0.58,-0.010460024450350179,0.010460024450350179,0.006320774873451548,0.006320774873451548,0.3967784551308375,0.3967784551308375,0.23005849044229176,0.23005849044229176
eta_flip,eta_0.02,eta=0.02,0.02,0.3569686266284974,0.59,-0.00946555240948612,0.00946555240948612,-0.0018056843686053842,0.0018056843686053842,-0.3313069227333298,0.3313069227333298,-0.046382772059726074,0.046382772059726074
eta_flip,eta_0.02,eta=0.02,0.02,0.3569686266284974,0.6,-0.010671787591714728,0.010671787591714728,-0.00030536358121503737,0.00030536358121503737,0.26909620541042817,0.26909620541042817,0.3280460600654517,0.3280460600654517
eta_flip,eta_0.02,eta=0.02,0.02,0.3569686266284974,0.61,-0.008936953105455142,0.008936953105455142,0.003576239739603193,0.003576239739603193,-0.25372608290354987,0.25372608290354987,-0.23895577753912545,0.23895577753912545
eta_flip,eta_0.02,eta=0.02,0.02,0.3569686266284974,0.62,-0.009334886147263528,0.009334886147263528,-0.005379885239286064,0.005379885239286064,-0.15782922205277336,0.15782922205277336,-0.10255916948071331,0.10255916948071331
eta_flip,eta_0.02,eta=0.02,0.02,0.3569686266284974,0.63,-0.010305078258745118,0.010305078258745118,0.0004196552985477123,0.0004196552985477123,0.4396416239444062,0.4396416239444062,0.40024820149139506,0.40024820149139506
eta_flip,eta_0.02,eta=0.02,0.02,0.3569686266284974,0.64,-0.009829614049114206,0.009829614049114206,0.0034129472396020807,0.0034129472396020807,-0.4827207799569476,0.4827207799569476,-0.12827968668737122,0.12827968668737122
eta_flip,eta_0.02,eta=0.02,0.02,0.3569686266284974,0.65,-0.010172536615424332,0.010172536615424332,-0.009234760300591255,0.009234760300591255,-0.3536926269302058,0.3536926269302058,0.08399057611602045,0.08399057611602045
eta_flip,eta_0.02,eta=0.02,0.02,0.3569686266284974,0.66,-0.010506224177912027,0.010506224177912027,-0.0036609052990020374,0.0036609052990020374,0.7884382686454086,0.7884382686454086,0.35607602356302803,0.35607602356302803
eta_flip,eta_0.02,eta=0.02,0.02,0.3569686266284974,0.67,-0.00957236408149216,0.00957236408149216,0.006534005072316933,0.006534005072316933,0.5650812480725811,0.5650812480725811,0.22510909650889377,0.22510909650889377
eta_flip,eta_0.02,eta=0.02,0.02,0.3569686266284974,0.68,-0.009558564002133431,0.009558564002133431,0.0076407196624495785,0.0076407196624495785,-0.2403985907216968,0.2403985907216968,0.042232772831189536,0.042232772831189536
eta_flip,eta_0.02,eta=0.02,0.02,0.3569686266284974,0.69,-0.010006141692668016,0.010006141692668016,0.0017260332578831056,0.0017260332578831056,-0.8710608422770709,0.8710608422770709,-0.4576014280580115,0.4576014280580115
eta_flip,eta_0.02,eta=0.02,0.02,0.3569686266284974,0.7,-0.01014634945520089,0.01014634945520089,-0.009780497183091819,0.009780497183091819,-0.6141776929090124,0.6141776929090124,-0.06914105583345354,0.06914105583345354
eta_flip,eta_0.02,eta=0.02,0.02,0.3569686266284974,0.71,-0.00907358214253403,0.00907358214253403,-0.01055752060029716,0.01055752060029716,0.3843216915122008,0.3843216915122008,0.40371043550338115,0.40371043550338115
eta_flip,eta_0.02,eta=0.02,0.02,0.3569686266284974,0.72,-0.009858867769261544,0.009858867769261544,-0.002094063352847793,0.002094063352847793,0.6429549070742047,0.6429549070742047,0.5693754520618641,0.5693754520618641
eta_flip,eta_0.02,eta=0.02,0.02,0.3569686266284974,0.73,-0.010578248367971152,0.010578248367971152,0.0023015775411869485,0.0023015775411869485,-0.24873778402143018,0.24873778402143018,-0.06606474456657252,0.06606474456657252
eta_flip,eta_0.02,eta=0.02,0.02,0.3569686266284974,0.74,-0.010869609497065863,0.010869609497065863,-0.0070688190332763995,0.0070688190332763995,-0.6636476595388965,0.6636476595388965,-0.24619127801773288,0.24619127801773288
eta_flip,eta_0.02,eta=0.02,0.02,0.3569686266284974,0.75,-0.009739371470601318,0.009739371470601318,-0.010971375649591004,0.010971375649591004,0.4890493369324889,0.4890493369324889,0.14428179406737895,0.14428179406737895
eta_flip,eta_0.02,eta=0.02,0.02,0.3569686266284974,0.76,-0.010118503093598831,0.010118503093598831,0.002712167705373386,0.002712167705373386,1.5231157332284315,1.5231157332284315,0.6062353490842713,0.6062353490842713
eta_flip,eta_0.02,eta=0.02,0.02,0.3569686266284974,0.77,-0.009711767198503932,0.009711767198503932,0.019490939014977678,0.019490939014977678,0.361234678198413,0.361234678198413,0.2039984835652906,0.2039984835652906
eta_flip,eta_0.02,eta=0.02,0.02,0.3569686266284974,0.78,-0.010497799063889701,0.010497799063889701,0.009936861269341651,0.009936861269341651,-1.159080061655252,1.159080061655252,-0.803593495931119,0.803593495931119
eta_flip,eta_0.02,eta=0.02,0.02,0.3569686266284974,0.79,-0.009970643438848611,0.009970643438848611,-0.0036906622181273954,0.0036906622181273954,-0.5678612599966637,0.5678612599966637,-0.3168015463807077,0.3168015463807077
eta_flip,eta_0.02,eta=0.02,0.02,0.3569686266284974,0.8,-0.010086769219631808,0.010086769219631808,-0.0014203639305916324,0.0014203639305916324,0.539601729570151,0.539601729570151,0.15517149288312027,0.15517149288312027
eta_flip,eta_0.02,eta=0.02,0.02,0.3569686266284974,0.81,-0.008632357183308334,0.008632357183308334,0.007101372373275634,0.007101372373275634,0.7225820971149672,0.7225820971149672,0.7968053504230757,0.7968053504230757
eta_flip,eta_0.02,eta=0.02,0.02,0.3569686266284974,0.82,-0.010585463206650964,0.010585463206650964,0.01303127801170767,0.01303127801170767,-0.514997430500544,0.514997430500544,-0.08080175856924798,0.08080175856924798
eta_flip,eta_0.02,eta=0.02,0.02,0.3569686266284974,0.83,-0.009789104068086932,0.009789104068086932,-0.0031985762367354523,0.0031985762367354523,-1.2913990279863665,1.2913990279863665,-0.32918107963630816,0.32918107963630816
eta_flip,eta_0.02,eta=0.02,0.02,0.3569686266284974,0.84,-0.01024001717429858,0.01024001717429858,-0.012796702548019685,0.012796702548019685,-0.007881848637886768,0.007881848637886768,0.25416994554082994,0.25416994554082994
eta_flip,eta_0.02,eta=0.02,0.02,0.3569686266284974,0.85,-0.008975356955836386,0.008975356955836386,-0.0033562132094931765,0.0033562132094931765,1.0081291432713193,1.0081291432713193,0.5598796572980768,0.5598796572980768
eta_flip,eta_0.02,eta=0.02,0.02,0.3569686266284974,0.86,-0.009668706625262799,0.009668706625262799,0.007365880317406717,0.007365880317406717,0.8078971197433915,0.8078971197433915,0.5272068618839905,0.5272068618839905
eta_flip,eta_0.02,eta=0.02,0.02,0.3569686266284974,0.87,-0.010836506706360535,0.010836506706360535,0.012801729185374658,0.012801729185374658,-0.5220729542007433,0.5220729542007433,-0.3547388142359048,0.3547388142359048
eta_flip,eta_0.02,eta=0.02,0.02,0.3569686266284974,0.88,-0.009674158053302281,0.009674158053302281,-0.0030755787666081544,0.0030755787666081544,-1.2681803685851505,1.2681803685851505,-0.6221055883208639,0.6221055883208639
eta_flip,eta_0.02,eta=0.02,0.02,0.3569686266284974,0.89,-0.010013532185986024,0.010013532185986024,-0.012561878186328375,0.012561878186328375,0.6344399633846145,0.6344399633846145,0.24963229549077037,0.24963229549077037
eta_flip,eta_0.02,eta=0.02,0.02,0.3569686266284974,0.9,-0.009329811844314917,0.009329811844314917,0.009613220501084145,0.009613220501084145,1.039508780648619,1.039508780648619,0.7614144844053979,0.7614144844053979
eta_flip,eta_0.02,eta=0.02,0.02,0.3569686266284974,0.91,-0.008907067312118114,0.008907067312118114,0.008228297426644028,0.008228297426644028,-0.4848854793641502,0.4848854793641502,0.041236208970445,0.041236208970445
eta_flip,eta_0.02,eta=0.02,0.02,0.3569686266284974,0.92,-0.01073888784534198,0.01073888784534198,-8.448908619886064e-05,8.448908619886064e-05,-1.0039605179176063,1.0039605179176063,-0.549323434764201,0.549323434764201
eta_flip,eta_0.02,eta=0.02,0.02,0.3569686266284974,0.93,-0.009663838681843145,0.009663838681843145,-0.011850912931708119,0.011850912931708119,-0.9885398094526529,0.9885398094526529,-0.4422381178924121,0.4422381178924121
eta_flip,eta_0.02,eta=0.02,0.02,0.3569686266284974,0.94,-0.009495523779628368,0.009495523779628368,-0.01985528527525187,0.01985528527525187,0.8346474827664799,0.8346474827664799,0.5537151762930959,0.5537151762930959
eta_flip,eta_0.02,eta=0.02,0.02,0.3569686266284974,0.95,-0.009863179340304298,0.009863179340304298,0.004842036723621761,0.004842036723621761,1.360825898256077,1.360825898256077,0.8491565873735234,0.8491565873735234
eta_flip,eta_0.02,eta=0.02,0.02,0.3569686266284974,0.96,-0.00983633937105187,0.00983633937105187,0.0073612326898696845,0.0073612326898696845,-1.1302324886263504,1.1302324886263504,-0.1853021232055725,0.1853021232055725
eta_flip,eta_0.02,eta=0.02,0.02,0.3569686266284974,0.97,-0.011166132469688214,0.011166132469688214,-0.017762613048905272,0.017762613048905272,-1.9971328866722344,1.9971328866722344,-0.27891435633874373,0.27891435633874373
eta_flip,eta_0.02,eta=0.02,0.02,0.3569686266284974,0.98,-0.009850486625280083,0.009850486625280083,-0.03258142504357504,0.03258142504357504,-1.4313544376947003,1.4313544376947003,-0.355439219709754,0.355439219709754
eta_flip,eta_0.02,eta=0.02,0.02,0.3569686266284974,0.99,-0.009117583390872958,0.009117583390872958,-0.046389701802799305,0.046389701802799305,-1.0372071266508402,1.0372071266508402,-0.0818653290934237,0.0818653290934237
eta_flip,eta_0.02,eta=0.02,0.02,0.3569686266284974,1.0,-0.010254570559730405,0.010254570559730405,-0.053325567576591855,0.053325567576591855,-0.6935865773792547,0.6935865773792547,0.0734366207132151,0.0734366207132151
eta_flip,eta_0.05,eta=0.05,0.05,0.43057445790361204,0.01,-0.00024326314542047332,0.00024326314542047332,-0.006260197807128499,0.006260197807128499,-0.3338402682550383,0.3338402682550383,0.0,0.0
eta_flip,eta_0.05,eta=0.05,0.05,0.43057445790361204,0.02,-0.0002727696260431933,0.0002727696260431933,-0.009598600489678881,0.009598600489678881,-0.4040180810067751,0.4040180810067751,0.0,0.0
eta_flip,eta_0.05,eta=0.05,0.05,0.43057445790361204,0.03,-0.00033950548253019005,0.00033950548253019005,-0.014340559427263998,0.014340559427263998,-0.5335450317298454,0.5335450317298454,0.0,0.0
eta_flip,eta_0.05,eta=0.05,0.05,0.43057445790361204,0.04,-0.00046909809478897326,0.00046909809478897326,-0.020269501124275776,0.020269501124275776,-0.655660565830488,0.655660565830488,0.0,0.0
eta_flip,eta_0.05,eta=0.05,0.05,0.43057445790361204,0.05,-0.0006873105246909233,0.0006873105246909233,-0.027453770743873764,0.027453770743873764,-0.7610104854317191,0.7610104854317191,0.0,0.0
eta_flip,eta_0.05,eta=0.05,0.05,0.43057445790361204,0.06,-0.0009954874315914665,0.0009954874315914665,-0.03548971083291016,0.03548971083291016,-0.8107997935451245,0.8107997935451245,0.0,0.0
eta_flip,eta_0.05,eta=0.05,0.05,0.43057445790361204,0.07,-0.0014101977371982798,0.0014101977371982798,-0.04366976661477625,0.04366976661477625,-0.7837429627123051,0.7837429627123051,0.0,0.0
eta_flip,eta_0.05,eta=0.05,0.05,0.43057445790361204,0.08,-0.0018845522304185567,0.0018845522304185567,-0.051164570087156275,0.051164570087156275,-0.7199204102805148,0.7199204102805148,0.0,0.0
eta_flip,eta_0.05,eta=0.05,0.05,0.43057445790361204,0.09,-0.0024750084451874376,0.0024750084451874376,-0.05806817482038654,0.05806817482038654,-0.6969922865884968,0.6969922865884968,0.0,0.0
eta_flip,eta_0.05,eta=0.05,0.05,0.43057445790361204,0.1,-0.00310582617999337,0.00310582617999337,-0.0651044158189262,0.0651044158189262,-0.7313765203833178,0.7313765203833178,0.0,0.0
eta_flip,eta_0.05,eta=0.05,0.05,0.43057445790361204,0.11,-0.00381654472339447,0.00381654472339447,-0.07269570522805291,0.07269570522805291,-0.7106919532824668,0.7106919532824668,0.0,0.0
eta_flip,eta_0.05,eta=0.05,0.05,0.43057445790361204,0.12,-0.004502903708287304,0.004502903708287304,-0.07931825488457554,0.07931825488457554,-0.6509154243350235,0.6509154243350235,0.006316900946011827,0.006316900946011827
eta_flip,eta_0.05,eta=0.05,0.05,0.43057445790361204,0.13,-0.005309438722849203,0.005309438722849203,-0.08571401371475339,0.08571401371475339,-0.49387415350379693,0.49387415350379693,0.007026554269100001,0.007026554269100001
eta_flip,eta_0.05,eta=0.05,0.05,0.43057445790361204,0.14,-0.006210864660590214,0.006210864660590214,-0.08919573795465151,0.08919573795465151,-0.2804120929543493,0.2804120929543493,0.012909399741755045,0.012909399741755045
eta_flip,eta_0.05,eta=0.05,0.05,0.43057445790361204,0.15,-0.007261284038954029,0.007261284038954029,-0.09132225557384034,0.09132225557384034,-0.26861988839686257,0.26861988839686257,0.02300541130589166,0.02300541130589166
eta_flip,eta_0.05,eta=0.05,0.05,0.43057445790361204,0.16,-0.00820283232049254,0.00820283232049254,-0.09456813572258874,0.09456813572258874,0.028467099983685074,0.028467099983685074,0.23149682891517825,0.23149682891517825
eta_flip,eta_0.05,eta=0.05,0.05,0.43057445790361204,0.17,-0.009377964224753742,0.009377964224753742,-0.09075291357416666,0.09075291357416666,0.26480532484978825,0.26480532484978825,0.2896078846918074,0.2896078846918074
eta_flip,eta_0.05,eta=0.05,0.05,0.43057445790361204,0.18,-0.010031809992285309,0.010031809992285309,-0.08927202922559295,0.08927202922559295,-0.2032494988684186,0.2032494988684186,0.06111498143606414,0.06111498143606414
eta_flip,eta_0.05,eta=0.05,0.05,0.43057445790361204,0.19,-0.011072754219734117,0.011072754219734117,-0.09481790355153505,0.09481790355153505,-0.15437952312206316,0.15437952312206316,0.3398307452901478,0.3398307452901478
eta_flip,eta_0.05,eta=0.05,0.05,0.43057445790361204,0.2,-0.011979127212564819,0.011979127212564819,-0.09235961968803422,0.09235961968803422,-0.08658071497820866,0.08658071497820866,0.1825751086771113,0.1825751086771113
eta_flip,eta_0.05,eta=0.05,0.05,0.43057445790361204,0.21,-0.012246584071257935,0.012246584071257935,-0.09654951785109919,0.09654951785109919,-0.36745528202493905,0.36745528202493905,0.09317664780453566,0.09317664780453566
eta_flip,eta_0.05,eta=0.05,0.05,0.43057445790361204,0.22,-0.013723648719869329,0.013723648719869329,-0.09970872532853298,0.09970872532853298,0.0012538933552132675,0.0012538933552132675,0.2953675064359395,0.2953675064359395
eta_flip,eta_0.05,eta=0.05,0.05,0.43057445790361204,0.23,-0.015014974136792161,0.015014974136792161,-0.09652443998399493,0.09652443998399493,0.01488255572429479,0.01488255572429479,0.3642500768078398,0.3642500768078398
eta_flip,eta_0.05,eta=0.05,0.05,0.43057445790361204,0.24,-0.015496169164778927,0.015496169164778927,-0.09941107421404707,0.09941107421404707,0.22407780793181245,0.22407780793181245,0.5060154364551919,0.5060154364551919
eta_flip,eta_0.05,eta=0.05,0.05,0.43057445790361204,0.25,-0.017430537551414025,0.017430537551414025,-0.09204288382535866,0.09204288382535866,0.7461197271653043,0.7461197271653043,0.7732303903905118,0.7732303903905118
eta_flip,eta_0.05,eta=0.05,0.05,0.43057445790361204,0.26,-0.017633248206600036,0.017633248206600036,-0.08448867967074097,0.08448867967074097,0.5908730495855746,0.5908730495855746,0.8867370897168767,0.8867370897168767
eta_flip,eta_0.05,eta=0.05,0.05,0.43057445790361204,0.27,-0.018932054823458205,0.018932054823458205,-0.08022542283364714,0.08022542283364714,0.6003089802098667,0.6003089802098667,0.7426120377283644,0.7426120377283644
eta_flip,eta_0.05,eta=0.05,0.05,0.43057445790361204,0.28,-0.019211206850331154,0.019211206850331154,-0.07248250006654361,0.07248250006654361,0.29427482912447733,0.29427482912447733,0.5538833749667358,0.5538833749667358
eta_flip,eta_0.05,eta=0.05,0.05,0.43057445790361204,0.29,-0.019645029676346328,0.019645029676346328,-0.07433992625115754,0.07433992625115754,0.4136215228844632,0.4136215228844632,0.694563983983784,0.694563983983784
eta_flip,eta_0.05,eta=0.05,0.05,0.43057445790361204,0.3,-0.020922008334218905,0.020922008334218905,-0.06421006960885432,0.06421006960885432,1.045914169723671,1.045914169723671,1.0236543256871236,1.0236543256871236
eta_flip,eta_0.05,eta=0.05,0.05,0.43057445790361204,0.31,-0.020820694164062778,0.020820694164062778,-0.05342164285668412,0.05342164285668412,-0.09739309399153279,0.09739309399153279,0.34025803807697197,0.34025803807697197
eta_flip,eta_0.05,eta=0.05,0.05,0.43057445790361204,0.32,-0.022253562561446283,0.022253562561446283,-0.06615793148868498,0.06615793148868498,-0.4715195614445912,0.4715195614445912,0.024797687383553924,0.024797687383553924
eta_flip,eta_0.05,eta=0.05,0.05,0.43057445790361204,0.33,-0.023217812871729842,0.023217812871729842,-0.06285203408557594,0.06285203408557594,0.7260257595883022,0.7260257595883022,0.9515962874168239,0.9515962874168239
eta_flip,eta_0.05,eta=0.05,0.05,0.43057445790361204,0.34,-0.022336899903568002,0.022336899903568002,-0.05163741629691895,0.05163741629691895,1.0363102727034377,1.0363102727034377,0.941294702231787,0.941294702231787
eta_flip,eta_0.05,eta=0.05,0.05,0.43057445790361204,0.35,-0.023285391770157114,0.023285391770157114,-0.04212582863150721,0.04212582863150721,1.0531871489844962,1.0531871489844962,0.9670772346500252,0.9670772346500252
eta_flip,eta_0.05,eta=0.05,0.05,0.43057445790361204,0.36,-0.024832955164936256,0.024832955164936256,-0.030573673317229058,0.030573673317229058,0.1966681945214231,0.1966681945214231,0.35356606503659505,0.35356606503659505
eta_flip,eta_0.05,eta=0.05,0.05,0.43057445790361204,0.37,-0.024533367617609596,0.024533367617609596,-0.03819246474107876,0.03819246474107876,-0.4276476896887914,0.4276476896887914,0.12373742668309728,0.12373742668309728
eta_flip,eta_0.05,eta=0.05,0.05,0.43057445790361204,0.38,-0.024438573162240733,0.024438573162240733,-0.039126627111004855,0.039126627111004855,0.8584404435729265,0.8584404435729265,0.8889331861661214,0.8889331861661214
eta_flip,eta_0.05,eta=0.05,0.05,0.43057445790361204,0.39,-0.024533299571679337,0.024533299571679337,-0.021023655869620225,0.021023655869620225,1.2756110179542066,1.2756110179542066,0.7665718616446456,0.7665718616446456
eta_flip,eta_0.05,eta=0.05,0.05,0.43057445790361204,0.4,-0.025218390125908846,0.025218390125908846,-0.013614406751920716,0.013614406751920716,0.3505197665787272,0.3505197665787272,0.5522467780145823,0.5522467780145823
eta_flip,eta_0.05,eta=0.05,0.05,0.43057445790361204,0.41,-0.025683267713140008,0.025683267713140008,-0.014013260538045635,0.014013260538045635,-0.18104647642428418,0.18104647642428418,0.06677583499046968,0.06677583499046968
eta_flip,eta_0.05,eta=0.05,0.05,0.43057445790361204,0.42,-0.02541675175612579,0.02541675175612579,-0.01723533628040641,0.01723533628040641,0.2340122934089306,0.2340122934089306,0.45198309223541433,0.45198309223541433
eta_flip,eta_0.05,eta=0.05,0.05,0.43057445790361204,0.43,-0.025644907000714416,0.025644907000714416,-0.009333014669867024,0.009333014669867024,0.6933890953035523,0.6933890953035523,0.5480073424431748,0.5480073424431748
eta_flip,eta_0.05,eta=0.05,0.05,0.43057445790361204,0.44,-0.025627432727100337,0.025627432727100337,-0.003367554374335349,0.003367554374335349,-0.10850375113305835,0.10850375113305835,0.09063452523070425,0.09063452523070425
eta_flip,eta_0.05,eta=0.05,0.05,0.43057445790361204,0.45,-0.025306364528076372,0.025306364528076372,-0.011503089692528182,0.011503089692528182,-0.251041320682634,0.251041320682634,0.2636899169620468,0.2636899169620468
eta_flip,eta_0.05,eta=0.05,0.05,0.43057445790361204,0.46,-0.026078455285100582,0.026078455285100582,-0.008388380787988023,0.008388380787988023,-0.09065251586139411,0.09065251586139411,0.2366615686621547,0.2366615686621547
eta_flip,eta_0.05,eta=0.05,0.05,0.43057445790361204,0.47,-0.024979856466268983,0.024979856466268983,-0.013316140009756033,0.013316140009756033,-0.3727597891334692,0.3727597891334692,-0.2507740674942327,0.2507740674942327
eta_flip,eta_0.05,eta=0.05,0.05,0.43057445790361204,0.48,-0.02639325898518686,0.02639325898518686,-0.015843576570657394,0.015843576570657394,0.471885777565294,0.471885777565294,0.1788734920606393,0.1788734920606393
eta_flip,eta_0.05,eta=0.05,0.05,0.43057445790361204,0.49,-0.02631719304103293,0.02631719304103293,-0.0038784244584501443,0.0038784244584501443,0.18426410735641,0.18426410735641,0.4031223865882805,0.4031223865882805
eta_flip,eta_0.05,eta=0.05,0.05,0.43057445790361204,0.5,-0.02591883902612562,0.02591883902612562,-0.012158294423529184,0.012158294423529184,-0.4385527726317798,0.4385527726317798,-0.14292075873979182,0.14292075873979182
eta_flip,eta_0.05,eta=0.05,0.05,0.43057445790361204,0.51,-0.02721776030305499,0.02721776030305499,-0.012649479911085754,0.012649479911085754,0.6046264004208566,0.6046264004208566,0.6684217462479815,0.6684217462479815
eta_flip,eta_0.05,eta=0.05,0.05,0.43057445790361204,0.52,-0.02593413767201378,0.02593413767201378,-6.576641511203685e-05,6.576641511203685e-05,0.1511640031461644,0.1511640031461644,0.37216917185080056,0.37216917185080056
eta_flip,eta_0.05,eta=0.05,0.05,0.43057445790361204,0.53,-0.025993661565346222,0.025993661565346222,-0.009626199848162431,0.009626199848162431,-0.07987358364537572,0.07987358364537572,-0.09077173669153671,0.09077173669153671
eta_flip,eta_0.05,eta=0.05,0.05,0.43057445790361204,0.54,-0.02676681140531744,0.02676681140531744,-0.0016632380880195752,0.0016632380880195752,0.7149546193412399,0.7149546193412399,0.6183803579190161,0.6183803579190161
eta_flip,eta_0.05,eta=0.05,0.05,0.43057445790361204,0.55,-0.026377231233690394,0.026377231233690394,0.004672892538662363,0.004672892538662363,-0.37937654305419,0.37937654305419,-0.07511450986962487,0.07511450986962487
eta_flip,eta_0.05,eta=0.05,0.05,0.43057445790361204,0.56,-0.026342428090645055,0.026342428090645055,-0.009250768949103358,0.009250768949103358,-0.2417277974571807,0.2417277974571807,0.03872110479491042,0.03872110479491042
eta_flip,eta_0.05,eta=0.05,0.05,0.43057445790361204,0.57,-0.02724127195525622,0.02724127195525622,-0.00016166341048148847,0.00016166341048148847,1.1605679506424427,1.1605679506424427,0.722652026940629,0.722652026940629
eta_flip,eta_0.05,eta=0.05,0.05,0.43057445790361204,0.58,-0.02612818070624711,0.02612818070624711,0.013960590063745434,0.013960590063745434,0.6841306250864756,0.6841306250864756,0.5751098939177084,0.5751098939177084
eta_flip,eta_0.05,eta=0.05,0.05,0.43057445790361204,0.59,-0.0263695123134089,0.0263695123134089,0.013520949091248055,0.013520949091248055,0.1902221081737221,0.1902221081737221,0.32170559595380155,0.32170559595380155
eta_flip,eta_0.05,eta=0.05,0.05,0.43057445790361204,0.6,-0.02685339457682554,0.02685339457682554,0.017765032227219896,0.017765032227219896,0.04397203918361572,0.04397203918361572,-0.03687440211975812,0.03687440211975812
eta_flip,eta_0.05,eta=0.05,0.05,0.43057445790361204,0.61,-0.0259297112713055,0.0259297112713055,0.014400389874920358,0.014400389874920358,-0.9882980323573287,0.9882980323573287,-0.4248671530588608,0.4248671530588608
eta_flip,eta_0.05,eta=0.05,0.05,0.43057445790361204,0.62,-0.025259848758777938,0.025259848758777938,-0.0020009284199267036,0.0020009284199267036,-0.16595434200488765,0.16595434200488765,-0.2730158856611875,0.2730158856611875
eta_flip,eta_0.05,eta=0.05,0.05,0.43057445790361204,0.63,-0.025566877692782763,0.025566877692782763,0.011081303034822597,0.011081303034822597,0.8801712902110708,0.8801712902110708,0.3895182514209259,0.3895182514209259
eta_flip,eta_0.05,eta=0.05,0.05,0.43057445790361204,0.64,-0.02552971784130772,0.02552971784130772,0.015602497384294728,0.015602497384294728,-0.7402305203421646,0.7402305203421646,-0.32089990690133463,0.32089990690133463
eta_flip,eta_0.05,eta=0.05,0.05,0.43057445790361204,0.65,-0.02582368023770676,0.02582368023770676,-0.003723307372020708,0.003723307372020708,-0.946651389812207,0.946651389812207,-0.40276018951345227,0.40276018951345227
eta_flip,eta_0.05,eta=0.05,0.05,0.43057445790361204,0.66,-0.026954142760738986,0.026954142760738986,-0.0033305304119494172,0.0033305304119494172,0.5822071688826348,0.5822071688826348,-0.10876538537518099,0.10876538537518099
eta_flip,eta_0.05,eta=0.05,0.05,0.43057445790361204,0.67,-0.024717381704620275,0.024717381704620275,0.007920836005631995,0.007920836005631995,0.8746525548433509,0.8746525548433509,0.5158865379019344,0.5158865379019344
eta_flip,eta_0.05,eta=0.05,0.05,0.43057445790361204,0.68,-0.025881374509709502,0.025881374509709502,0.0141625206849176,0.0141625206849176,0.3080722413748891,0.3080722413748891,0.1728104286983846,0.1728104286983846
eta_flip,eta_0.05,eta=0.05,0.05,0.43057445790361204,0.69,-0.02582944855245685,0.02582944855245685,0.014082280833129818,0.014082280833129818,-0.9624286699002025,0.9624286699002025,-0.30861497411447825,0.30861497411447825
eta_flip,eta_0.05,eta=0.05,0.05,0.43057445790361204,0.7,-0.025463552156776773,0.025463552156776773,-0.005086052713086563,0.005086052713086563,-1.0481123859628392,1.0481123859628392,-0.37809693347273077,0.37809693347273077
eta_flip,eta_0.05,eta=0.05,0.05,0.43057445790361204,0.71,-0.024524126336525225,0.024524126336525225,-0.0068799668861269855,0.0068799668861269855,0.7516160060677182,0.7516160060677182,0.49428827866682523,0.49428827866682523
eta_flip,eta_0.05,eta=0.05,0.05,0.43057445790361204,0.72,-0.02484651884660078,0.02484651884660078,0.009946267408267803,0.009946267408267803,0.7936894541888753,0.7936894541888753,0.3008633253501538,0.3008633253501538
eta_flip,eta_0.05,eta=0.05,0.05,0.43057445790361204,0.73,-0.025959784835206792,0.025959784835206792,0.008993822197650533,0.008993822197650533,-0.5255306154713995,0.5255306154713995,-0.3384649207207391,0.3384649207207391
eta_flip,eta_0.05,eta=0.05,0.05,0.43057445790361204,0.74,-0.026423787009984614,0.026423787009984614,-0.0005643449011601895,0.0005643449011601895,-0.5314721658334053,0.5314721658334053,-0.4140725816134355,0.4140725816134355
eta_flip,eta_0.05,eta=0.05,0.05,0.43057445790361204,0.75,-0.025138164568402954,0.025138164568402954,-0.0016356211190175843,0.0016356211190175843,1.0518012769268767,1.0518012769268767,0.34877061160062384,0.34877061160062384
eta_flip,eta_0.05,eta=0.05,0.05,0.43057445790361204,0.76,-0.025180181056605903,0.025180181056605903,0.020471680637377365,0.020471680637377365,2.2291883868554416,2.2291883868554416,1.1561880879598379,1.1561880879598379
eta_flip,eta_0.05,eta=0.05,0.05,0.43057445790361204,0.77,-0.02485368454495665,0.02485368454495665,0.0429481466180913,0.0429481466180913,0.4208699093782604,0.4208699093782604,0.0070209199997386396,0.0070209199997386396
eta_flip,eta_0.05,eta=0.05,0.05,0.43057445790361204,0.78,-0.025213002234507773,0.025213002234507773,0.028889078824942578,0.028889078824942578,-1.4593962356059267,1.4593962356059267,-0.6020073620146686,0.6020073620146686
eta_flip,eta_0.05,eta=0.05,0.05,0.43057445790361204,0.79,-0.024386629905280705,0.024386629905280705,0.013760221905972737,0.013760221905972737,-0.8004822460855803,0.8004822460855803,-0.4208435613567235,0.4208435613567235
eta_flip,eta_0.05,eta=0.05,0.05,0.43057445790361204,0.8,-0.02355363848729404,0.02355363848729404,0.012879433903230972,0.012879433903230972,0.13675814516493662,0.13675814516493662,0.2771305820742874,0.2771305820742874
eta_flip,eta_0.05,eta=0.05,0.05,0.43057445790361204,0.81,-0.022817192831364574,0.022817192831364574,0.01649538480927147,0.01649538480927147,0.09348576235596459,0.09348576235596459,0.2482987053834449,0.2482987053834449
eta_flip,eta_0.05,eta=0.05,0.05,0.43057445790361204,0.82,-0.024700287711531002,0.024700287711531002,0.014749149150350312,0.014749149150350312,-0.9332488243090816,0.9332488243090816,-0.23426281990447673,0.23426281990447673
eta_flip,eta_0.05,eta=0.05,0.05,0.43057445790361204,0.83,-0.02369162684664161,0.02369162684664161,-0.0021695916769102555,0.0021695916769102555,-0.9459002086328892,0.9459002086328892,-0.35325523355848065,0.35325523355848065
eta_flip,eta_0.05,eta=0.05,0.05,0.43057445790361204,0.84,-0.024539118008468544,0.024539118008468544,-0.004168855022307488,0.004168855022307488,0.2819823101588603,0.2819823101588603,0.27690530812777503,0.27690530812777503
eta_flip,eta_0.05,eta=0.05,0.05,0.43057445790361204,0.85,-0.02321821489769782,0.02321821489769782,0.0034700545262669677,0.0034700545262669677,0.4952901589535898,0.4952901589535898,0.210162492985147,0.210162492985147
eta_flip,eta_0.05,eta=0.05,0.05,0.43057445790361204,0.86,-0.024316536361041557,0.024316536361041557,0.005736948156764322,0.005736948156764322,0.21444400701320845,0.21444400701320845,0.4957673256104178,0.4957673256104178
eta_flip,eta_0.05,eta=0.05,0.05,0.43057445790361204,0.87,-0.023927474866300563,0.023927474866300563,0.007758934666531131,0.007758934666531131,-0.6022185476158997,0.6022185476158997,0.07681357315802972,0.07681357315802972
eta_flip,eta_0.05,eta=0.05,0.05,0.43057445790361204,0.88,-0.02302699615548104,0.02302699615548104,-0.0063074227955536855,0.0063074227955536855,-1.154744794298472,1.154744794298472,-0.5791466865742247,0.5791466865742247
eta_flip,eta_0.05,eta=0.05,0.05,0.43057445790361204,0.89,-0.024004676753737117,0.024004676753737117,-0.015335961219438324,0.015335961219438324,0.28810954909371866,0.28810954909371866,-0.06979766015383182,0.06979766015383182
eta_flip,eta_0.05,eta=0.05,0.05,0.43057445790361204,0.9,-0.02358406506248846,0.02358406506248846,-0.0005452318136793186,0.0005452318136793186,0.6744949256690175,0.6744949256690175,0.29878753036752836,0.29878753036752836
eta_flip,eta_0.05,eta=0.05,0.05,0.43057445790361204,0.91,-0.023560428939307307,0.023560428939307307,-0.0018460627060579576,0.0018460627060579576,0.16149028910685143,0.16149028910685143,0.2609582167452642,0.2609582167452642
eta_flip,eta_0.05,eta=0.05,0.05,0.43057445790361204,0.92,-0.025079943158236542,0.025079943158236542,0.0026845739684577194,0.0026845739684577194,0.09303246884607438,0.09303246884607438,0.2915290585046104,0.2915290585046104
eta_flip,eta_0.05,eta=0.05,0.05,0.43057445790361204,0.93,-0.024601842671224172,0.024601842671224172,1.4586670863528384e-05,1.4586670863528384e-05,-0.2737026844952776,0.2737026844952776,0.045566251940027724,0.045566251940027724
eta_flip,eta_0.05,eta=0.05,0.05,0.43057445790361204,0.94,-0.02371850101003306,0.02371850101003306,-0.0027894797214478018,0.0027894797214478018,0.5688739307416393,0.5688739307416393,0.5612006465270727,0.5612006465270727
eta_flip,eta_0.05,eta=0.05,0.05,0.43057445790361204,0.95,-0.02349441879059669,0.02349441879059669,0.011392065285696452,0.011392065285696452,0.5337573735207477,0.5337573735207477,0.5163308971458791,0.5163308971458791
eta_flip,eta_0.05,eta=0.05,0.05,0.43057445790361204,0.96,-0.023161413763037417,0.023161413763037417,0.007885667748967151,0.007885667748967151,-1.1660470130341232,1.1660470130341232,-0.4819928267873226,0.4819928267873226
eta_flip,eta_0.05,eta=0.05,0.05,0.43057445790361204,0.97,-0.024425285919267292,0.024425285919267292,-0.011928874974986028,0.011928874974986028,-1.890733462546744,1.890733462546744,-0.5812448488642201,0.5812448488642201
eta_flip,eta_0.05,eta=0.05,0.05,0.43057445790361204,0.98,-0.0231097352435312,0.0231097352435312,-0.029929001501967756,0.029929001501967756,-1.6034638549725033,1.6034638549725033,-0.8345582186182825,0.8345582186182825
eta_flip,eta_0.05,eta=0.05,0.05,0.43057445790361204,0.99,-0.023935747714015188,0.023935747714015188,-0.04399815207443612,0.04399815207443612,-0.8755027802231711,0.8755027802231711,-0.31336268627853947,0.31336268627853947
eta_flip,eta_0.05,eta=0.05,0.05,0.43057445790361204,1.0,-0.02464204463059015,0.02464204463059015,-0.0474390571064312,0.0474390571064312,-0.3440905031995065,0.3440905031995065,0.18042506065959119,0.18042506065959119
eta_flip,eta_0.15,eta=0.15,0.15,0.6551292914748983,0.01,-0.00046653425433398665,0.00046653425433398665,-0.03046605540426159,0.03046605540426159,-1.322487245426898,1.322487245426898,0.0,0.0
eta_flip,eta_0.15,eta=0.15,0.15,0.6551292914748983,0.02,-0.0006210027816843434,0.0006210027816843434,-0.04369092785853057,0.04369092785853057,-1.5243241508978969,1.5243241508978969,0.0,0.0
eta_flip,eta_0.15,eta=0.15,0.15,0.6551292914748983,0.03,-0.00096440018358615,0.00096440018358615,-0.06095253842221951,0.06095253842221951,-1.8960616816783729,1.8960616816783729,0.0,0.0
eta_flip,eta_0.15,eta=0.15,0.15,0.6551292914748983,0.04,-0.0015876661636262802,0.0015876661636262802,-0.08161216149209802,0.08161216149209802,-2.2387072094413347,2.2387072094413347,0.0,0.0
eta_flip,eta_0.15,eta=0.15,0.15,0.6551292914748983,0.05,-0.0025293704101858197,0.0025293704101858197,-0.10572668261104623,0.10572668261104623,-2.6276371187122027,2.6276371187122027,0.0,0.0
eta_flip,eta_0.15,eta=0.15,0.15,0.6551292914748983,0.06,-0.00374808536192465,0.00374808536192465,-0.13416490386634206,0.13416490386634206,-2.7576907815717746,2.7576907815717746,0.0,0.0
eta_flip,eta_0.15,eta=0.15,0.15,0.6551292914748983,0.07,-0.005254932943802987,0.005254932943802987,-0.16088049824248174,0.16088049824248174,-2.3960478145763,2.3960478145763,0.0,0.0
eta_flip,eta_0.15,eta=0.15,0.15,0.6551292914748983,0.08,-0.006949369646408353,0.006949369646408353,-0.18208586015786804,0.18208586015786804,-2.2615341154429007,2.2615341154429007,0.0,0.0
eta_flip,eta_0.15,eta=0.15,0.15,0.6551292914748983,0.09,-0.008939902955156447,0.008939902955156447,-0.20611118055133976,0.20611118055133976,-2.341957263640109,2.341957263640109,0.0,0.0
eta_flip,eta_0.15,eta=0.15,0.15,0.6551292914748983,0.1,-0.011428586551401936,0.011428586551401936,-0.22892500543067026,0.22892500543067026,-1.8233081035843723,1.8233081035843723,0.0,0.0
eta_flip,eta_0.15,eta=0.15,0.15,0.6551292914748983,0.11,-0.013646749549757937,0.013646749549757937,-0.24257734262302713,0.24257734262302713,-1.4359583761107646,1.4359583761107646,0.0,0.0
eta_flip,eta_0.15,eta=0.15,0.15,0.6551292914748983,0.12,-0.01596230744615569,0.01596230744615569,-0.2576441729528855,0.2576441729528855,-1.3183340908321044,1.3183340908321044,0.039394193617171426,0.039394193617171426
eta_flip,eta_0.15,eta=0.15,0.15,0.6551292914748983,0.13,-0.019170713603142344,0.019170713603142344,-0.2689440244396693,0.2689440244396693,-0.8081786411643583,0.8081786411643583,0.11002562651788518,0.11002562651788518
eta_flip,eta_0.15,eta=0.15,0.15,0.6551292914748983,0.14,-0.021881805462879135,0.021881805462879135,-0.27380774577617273,0.27380774577617273,-1.0060191162652417,1.0060191162652417,0.06046521872786018,0.06046521872786018
eta_flip,eta_0.15,eta=0.15,0.15,0.6551292914748983,0.15,-0.02428332509455601,0.02428332509455601,-0.2890644067649741,0.2890644067649741,-1.118240258786883,1.118240258786883,0.18246207885658958,0.18246207885658958
eta_flip,eta_0.15,eta=0.15,0.15,0.6551292914748983,0.16,-0.02767613172041277,0.02767613172041277,-0.2961725509519104,0.2961725509519104,-0.5151924144264938,0.5151924144264938,0.10772712602110443,0.10772712602110443
eta_flip,eta_0.15,eta=0.15,0.15,0.6551292914748983,0.17,-0.03034452120769932,0.03034452120769932,-0.29936825505350395,0.29936825505350395,-0.6965431882045721,0.6965431882045721,0.4660296964031376,0.4660296964031376
eta_flip,eta_0.15,eta=0.15,0.15,0.6551292914748983,0.18,-0.03306389930212474,0.03306389930212474,-0.3101034147160018,0.3101034147160018,-0.4101136770208527,0.4101136770208527,0.34209924777962064,0.34209924777962064
eta_flip,eta_0.15,eta=0.15,0.15,0.6551292914748983,0.19,-0.03701417464088526,0.03701417464088526,-0.307570528593921,0.307570528593921,0.25161190250369103,0.25161190250369103,0.7538913399694577,0.7538913399694577
eta_flip,eta_0.15,eta=0.15,0.15,0.6551292914748983,0.2,-0.039583003541680234,0.039583003541680234,-0.3050711766659279,0.3050711766659279,-0.041706683300845565,0.041706683300845565,0.5318368717434108,0.5318368717434108
eta_flip,eta_0.15,eta=0.15,0.15,0.6551292914748983,0.21,-0.0433810712318318,0.0433810712318318,-0.3084046622599379,0.3084046622599379,0.4553820131171076,0.4553820131171076,0.6862233971238592,0.6862233971238592
eta_flip,eta_0.15,eta=0.15,0.15,0.6551292914748983,0.22,-0.046198537385843584,0.046198537385843584,-0.29596353640358575,0.29596353640358575,1.629133452177497,1.629133452177497,2.126728822140055,2.126728822140055
eta_flip,eta_0.15,eta=0.15,0.15,0.6551292914748983,0.23,-0.04882079343227413,0.04882079343227413,-0.2758219932163879,0.2758219932163879,1.9331681446666575,1.9331681446666575,1.9812620759357666,1.9812620759357666
eta_flip,eta_0.15,eta=0.15,0.15,0.6551292914748983,0.24,-0.05190982422906788,0.05190982422906788,-0.2573001735102526,0.2573001735102526,1.8221995675970197,1.8221995675970197,2.127853032165588,2.127853032165588
eta_flip,eta_0.15,eta=0.15,0.15,0.6551292914748983,0.25,-0.054675248997147485,0.054675248997147485,-0.23937800186444752,0.23937800186444752,1.4798654002217029,1.4798654002217029,1.7716778558594053,1.7716778558594053
eta_flip,eta_0.15,eta=0.15,0.15,0.6551292914748983,0.26,-0.05683772004236452,0.05683772004236452,-0.22770286550581853,0.22770286550581853,1.7067645369488778,1.7067645369488778,1.7536821215000769,1.7536821215000769
eta_flip,eta_0.15,eta=0.15,0.15,0.6551292914748983,0.27,-0.05837453719049526,0.05837453719049526,-0.20524271112546996,0.20524271112546996,2.4092268819541025,2.4092268819541025,2.32910447294245,2.32910447294245
eta_flip,eta_0.15,eta=0.15,0.15,0.6551292914748983,0.28,-0.06061156187445213,0.06061156187445213,-0.1795183278667364,0.1795183278667364,1.7429643390851928,1.7429643390851928,1.701151727882664,1.701151727882664
eta_flip,eta_0.15,eta=0.15,0.15,0.6551292914748983,0.29,-0.0624809670042459,0.0624809670042459,-0.170383424343766,0.170383424343766,0.9620884458304217,0.9620884458304217,1.423120071966848,1.423120071966848
eta_flip,eta_0.15,eta=0.15,0.15,0.6551292914748983,0.3,-0.0644167649846864,0.0644167649846864,-0.1602765589501281,0.1602765589501281,1.42995865882544,1.42995865882544,1.6957819624995736,1.6957819624995736
eta_flip,eta_0.15,eta=0.15,0.15,0.6551292914748983,0.31,-0.06504783223422139,0.06504783223422139,-0.14178425116725718,0.14178425116725718,2.041291169450062,2.041291169450062,1.9154221945663514,1.9154221945663514
eta_flip,eta_0.15,eta=0.15,0.15,0.6551292914748983,0.32,-0.06666980689333707,0.06666980689333707,-0.11945073556112679,0.11945073556112679,1.6289689751552552,1.6289689751552552,2.1071198794490664,2.1071198794490664
eta_flip,eta_0.15,eta=0.15,0.15,0.6551292914748983,0.33,-0.0686968415543022,0.0686968415543022,-0.10920487166415208,0.10920487166415208,1.1215023491349825,1.1215023491349825,1.3702287398535895,1.3702287398535895
eta_flip,eta_0.15,eta=0.15,0.15,0.6551292914748983,0.34,-0.06895413393157554,0.06895413393157554,-0.0970206885784271,0.0970206885784271,1.5318388582077893,1.5318388582077893,1.7515301429825183,1.7515301429825183
eta_flip,eta_0.15,eta=0.15,0.15,0.6551292914748983,0.35,-0.06988176029678785,0.06988176029678785,-0.07856809449999635,0.07856809449999635,1.8187888319060064,1.8187888319060064,2.0454759045191535,2.0454759045191535
eta_flip,eta_0.15,eta=0.15,0.15,0.6551292914748983,0.36,-0.06993387156046793,0.06993387156046793,-0.060644911940307064,0.060644911940307064,1.4192163002757154,1.4192163002757154,1.9014404471146111,1.9014404471146111
eta_flip,eta_0.15,eta=0.15,0.15,0.6551292914748983,0.37,-0.07225254246144566,0.07225254246144566,-0.05018376849448203,0.05018376849448203,0.9536525257749511,0.9536525257749511,1.1043506127977474,1.1043506127977474
eta_flip,eta_0.15,eta=0.15,0.15,0.6551292914748983,0.38,-0.0707949511584419,0.0707949511584419,-0.041571861424808024,0.041571861424808024,1.1736005425676206,1.1736005425676206,1.611740906956248,1.611740906956248
eta_flip,eta_0.15,eta=0.15,0.15,0.6551292914748983,0.39,-0.07192222119911604,0.07192222119911604,-0.026711757643129608,0.026711757643129608,1.8830331255380137,1.8830331255380137,1.6546398536681304,1.6546398536681304
eta_flip,eta_0.15,eta=0.15,0.15,0.6551292914748983,0.4,-0.0719347149201662,0.0719347149201662,-0.003911198914047717,0.003911198914047717,1.515102088180275,1.515102088180275,1.399725258630041,1.399725258630041
eta_flip,eta_0.15,eta=0.15,0.15,0.6551292914748983,0.41,-0.07274198815493899,0.07274198815493899,0.003590284120475934,0.003590284120475934,0.06954079309809025,0.06954079309809025,0.4106566081019347,0.4106566081019347
eta_flip,eta_0.15,eta=0.15,0.15,0.6551292914748983,0.42,-0.07191396667289754,0.07191396667289754,-0.0025203830520860032,0.0025203830520860032,0.42467434951039923,0.42467434951039923,1.2218382083526738,1.2218382083526738
eta_flip,eta_0.15,eta=0.15,0.15,0.6551292914748983,0.43,-0.07164131125439638,0.07164131125439638,0.012083771110683914,0.012083771110683914,1.160061111465085,1.160061111465085,1.1588325055333244,1.1588325055333244
eta_flip,eta_0.15,eta=0.15,0.15,0.6551292914748983,0.44,-0.07109267061548388,0.07109267061548388,0.020680839177215735,0.020680839177215735,0.3271951046577966,0.3271951046577966,0.6053865897315849,0.6053865897315849
eta_flip,eta_0.15,eta=0.15,0.15,0.6551292914748983,0.45,-0.07145218322753706,0.07145218322753706,0.01862767320383986,0.01862767320383986,-0.6641730093152413,0.6641730093152413,0.4075495624314638,0.4075495624314638
eta_flip,eta_0.15,eta=0.15,0.15,0.6551292914748983,0.46,-0.07161784275731292,0.07161784275731292,0.007397378990910905,0.007397378990910905,-1.2928006438657365,1.2928006438657365,-0.2462047248096053,0.2462047248096053
eta_flip,eta_0.15,eta=0.15,0.15,0.6551292914748983,0.47,-0.07054736540647355,0.07054736540647355,-0.007228339673474818,0.007228339673474818,-0.7650563707469855,0.7650563707469855,-0.17223157803493727,0.17223157803493727
eta_flip,eta_0.15,eta=0.15,0.15,0.6551292914748983,0.48,-0.07123402018382144,0.07123402018382144,-0.007903748424028717,0.007903748424028717,1.0593599443177126,1.0593599443177126,0.8939554872816963,0.8939554872816963
eta_flip,eta_0.15,eta=0.15,0.15,0.6551292914748983,0.49,-0.07081406039547751,0.07081406039547751,0.013958859212879468,0.013958859212879468,0.8934994168287881,0.8934994168287881,0.7905716767033615,0.7905716767033615
eta_flip,eta_0.15,eta=0.15,0.15,0.6551292914748983,0.5,-0.07170558447308892,0.07170558447308892,0.009966239912547067,0.009966239912547067,-0.5145350433574273,0.5145350433574273,-0.08820777577055405,0.08820777577055405
eta_flip,eta_0.15,eta=0.15,0.15,0.6551292914748983,0.51,-0.07204036495107785,0.07204036495107785,0.003668158345730907,0.003668158345730907,0.4484765670076716,0.4484765670076716,0.4299883235847254,0.4299883235847254
eta_flip,eta_0.15,eta=0.15,0.15,0.6551292914748983,0.52,-0.07161101367130712,0.07161101367130712,0.018935771252700503,0.018935771252700503,1.0575475899531894,1.0575475899531894,0.9353836294904284,0.9353836294904284
eta_flip,eta_0.15,eta=0.15,0.15,0.6551292914748983,0.53,-0.06950477202373975,0.06950477202373975,0.024819110144794716,0.024819110144794716,1.1491128280940524,1.1491128280940524,0.7599332580481408,0.7599332580481408
eta_flip,eta_0.15,eta=0.15,0.15,0.6551292914748983,0.54,-0.07126516255229018,0.07126516255229018,0.04191802781458156,0.04191802781458156,0.9296167718854627,0.9296167718854627,0.8572905963058357,0.8572905963058357
eta_flip,eta_0.15,eta=0.15,0.15,0.6551292914748983,0.55,-0.07000268086960251,0.07000268086960251,0.043411445582503996,0.043411445582503996,-0.9573997534218357,0.9573997534218357,-0.06153252793426611,0.06153252793426611
eta_flip,eta_0.15,eta=0.15,0.15,0.6551292914748983,0.56,-0.06939439173431836,0.06939439173431836,0.022770032746144836,0.022770032746144836,-0.6592778282005991,0.6592778282005991,0.16637854648804684,0.16637854648804684
eta_flip,eta_0.15,eta=0.15,0.15,0.6551292914748983,0.57,-0.06965057771397677,0.06965057771397677,0.03022588901849175,0.03022588901849175,0.8026050757817552,0.8026050757817552,0.977984282675579,0.977984282675579
eta_flip,eta_0.15,eta=0.15,0.15,0.6551292914748983,0.58,-0.06822684781614854,0.06822684781614854,0.03882213426177989,0.03882213426177989,-0.33167658456478083,0.33167658456478083,-0.008620223678493799,0.008620223678493799
eta_flip,eta_0.15,eta=0.15,0.15,0.6551292914748983,0.59,-0.06934692842468584,0.06934692842468584,0.02359235732719614,0.02359235732719614,-0.4536325502173035,0.4536325502173035,0.023866185818460117,0.023866185818460117
eta_flip,eta_0.15,eta=0.15,0.15,0.6551292914748983,0.6,-0.0685810526859007,0.0685810526859007,0.029749483257433824,0.029749483257433824,0.34305203521832645,0.34305203521832645,0.3547230924359769,0.3547230924359769
eta_flip,eta_0.15,eta=0.15,0.15,0.6551292914748983,0.61,-0.06795725742754032,0.06795725742754032,0.03045339803156267,0.03045339803156267,-0.4941104097455458,0.4941104097455458,-0.21122993783644073,0.21122993783644073
eta_flip,eta_0.15,eta=0.15,0.15,0.6551292914748983,0.62,-0.06787548719770314,0.06787548719770314,0.019867275062522886,0.019867275062522886,0.0580715763883608,0.0580715763883608,-0.09531103779381378,0.09531103779381378
eta_flip,eta_0.15,eta=0.15,0.15,0.6551292914748983,0.63,-0.06821865538041026,0.06821865538041026,0.03161482955932988,0.03161482955932988,0.5951500806760924,0.5951500806760924,0.29799619650984854,0.29799619650984854
eta_flip,eta_0.15,eta=0.15,0.15,0.6551292914748983,0.64,-0.06666138641184413,0.06666138641184413,0.03177027667604475,0.03177027667604475,-0.5649021296774657,0.5649021296774657,0.008542685346181633,0.008542685346181633
eta_flip,eta_0.15,eta=0.15,0.15,0.6551292914748983,0.65,-0.0669525633938624,0.0669525633938624,0.020316786965780556,0.020316786965780556,-0.11492186184508252,0.11492186184508252,-0.013543546850412813,0.013543546850412813
eta_flip,eta_0.15,eta=0.15,0.15,0.6551292914748983,0.66,-0.06783979433821878,0.06783979433821878,0.029471839439143107,0.029471839439143107,0.6093760862256679,0.6093760862256679,0.20272209863091994,0.20272209863091994
eta_flip,eta_0.15,eta=0.15,0.15,0.6551292914748983,0.67,-0.06566211063406159,0.06566211063406159,0.03250430869029392,0.03250430869029392,0.08710376316860419,0.08710376316860419,0.3556329350969317,0.3556329350969317
eta_flip,eta_0.15,eta=0.15,0.15,0.6551292914748983,0.68,-0.06642836074473318,0.06642836074473318,0.03121391470251518,0.03121391470251518,0.34439222204257675,0.34439222204257675,0.3792996545099173,0.3792996545099173
eta_flip,eta_0.15,eta=0.15,0.15,0.6551292914748983,0.69,-0.066560033705301,0.066560033705301,0.039392153131145316,0.039392153131145316,-0.586417100298027,0.586417100298027,-0.20956835586243205,0.20956835586243205
eta_flip,eta_0.15,eta=0.15,0.15,0.6551292914748983,0.7,-0.06540805135133235,0.06540805135133235,0.019485572696554383,0.019485572696554383,-1.107305610893425,1.107305610893425,-0.5125055633969072,0.5125055633969072
eta_flip,eta_0.15,eta=0.15,0.15,0.6551292914748983,0.71,-0.0649213872242809,0.0649213872242809,0.01724604091327679,0.01724604091327679,0.8497825022765937,0.8497825022765937,0.44372080871813524,0.44372080871813524
eta_flip,eta_0.15,eta=0.15,0.15,0.6551292914748983,0.72,-0.0643226145230735,0.0643226145230735,0.036481222742086275,0.036481222742086275,0.7864642724386219,0.7864642724386219,0.4992422088590398,0.4992422088590398
eta_flip,eta_0.15,eta=0.15,0.15,0.6551292914748983,0.73,-0.06495484177064731,0.06495484177064731,0.03297532636204925,0.03297532636204925,-0.98039454997225,0.98039454997225,-0.5055125720315908,0.5055125720315908
eta_flip,eta_0.15,eta=0.15,0.15,0.6551292914748983,0.74,-0.06581908302411545,0.06581908302411545,0.01687333174264126,0.01687333174264126,-1.10928421717513,1.10928421717513,-0.5139232005010476,0.5139232005010476
eta_flip,eta_0.15,eta=0.15,0.15,0.6551292914748983,0.75,-0.06385694262682057,0.06385694262682057,0.010789642018546625,0.010789642018546625,0.35825882364151895,0.35825882364151895,0.12040089455270109,0.12040089455270109
eta_flip,eta_0.15,eta=0.15,0.15,0.6551292914748983,0.76,-0.06402408063932152,0.06402408063932152,0.02403850821547164,0.02403850821547164,1.5123801433783095,1.5123801433783095,0.7336572362578917,0.7336572362578917
eta_flip,eta_0.15,eta=0.15,0.15,0.6551292914748983,0.77,-0.06332745872662493,0.06332745872662493,0.04103724488611286,0.04103724488611286,0.4875775909526304,0.4875775909526304,0.22469098444802893,0.22469098444802893
eta_flip,eta_0.15,eta=0.15,0.15,0.6551292914748983,0.78,-0.06463971340501852,0.06463971340501852,0.033790060034524255,0.033790060034524255,-1.1004398084624278,1.1004398084624278,-0.7345084416734738,0.7345084416734738
eta_flip,eta_0.15,eta=0.15,0.15,0.6551292914748983,0.79,-0.06309373845973935,0.06309373845973935,0.019028448716864273,0.019028448716864273,-0.7278002497812768,0.7278002497812768,-0.7791237239822388,0.7791237239822388
eta_flip,eta_0.15,eta=0.15,0.15,0.6551292914748983,0.8,-0.06281832668381544,0.06281832668381544,0.019234055038898717,0.019234055038898717,0.6554490512688267,0.6554490512688267,0.2054444177857726,0.2054444177857726
eta_flip,eta_0.15,eta=0.15,0.15,0.6551292914748983,0.81,-0.06221038382689151,0.06221038382689151,0.03213742974224082,0.03213742974224082,0.7101218351641563,0.7101218351641563,0.3605807399306309,0.3605807399306309
eta_flip,eta_0.15,eta=0.15,0.15,0.6551292914748983,0.82,-0.06273503341921109,0.06273503341921109,0.033436491742181905,0.033436491742181905,-0.6717643571051384,0.6717643571051384,-0.14867317073469954,0.14867317073469954
eta_flip,eta_0.15,eta=0.15,0.15,0.6551292914748983,0.83,-0.06248200702656999,0.06248200702656999,0.018702142600137934,0.018702142600137934,-0.6031796564198046,0.6031796564198046,-0.5299458560418464,0.5299458560418464
eta_flip,eta_0.15,eta=0.15,0.15,0.6551292914748983,0.84,-0.062176764633930626,0.062176764633930626,0.0213728986137858,0.0213728986137858,0.022676295432284277,0.022676295432284277,0.10834082970099734,0.10834082970099734
eta_flip,eta_0.15,eta=0.15,0.15,0.6551292914748983,0.85,-0.06129116733379908,0.06129116733379908,0.019155668508783627,0.019155668508783627,-0.06669651155832207,0.06669651155832207,0.014818625978953781,0.014818625978953781
eta_flip,eta_0.15,eta=0.15,0.15,0.6551292914748983,0.86,-0.061761175687053305,0.061761175687053305,0.020038968382619364,0.020038968382619364,0.3318425613553924,0.3318425613553924,0.0647828425815683,0.0647828425815683
eta_flip,eta_0.15,eta=0.15,0.15,0.6551292914748983,0.87,-0.061532589492482165,0.061532589492482165,0.025792519735891473,0.025792519735891473,0.043352355304564105,0.043352355304564105,-0.009388253526237955,0.009388253526237955
eta_flip,eta_0.15,eta=0.15,0.15,0.6551292914748983,0.88,-0.06050391521229474,0.06050391521229474,0.020906015488710645,0.020906015488710645,-0.11381709708394355,0.11381709708394355,-0.33807861088973845,0.33807861088973845
eta_flip,eta_0.15,eta=0.15,0.15,0.6551292914748983,0.89,-0.06175970844257814,0.06175970844257814,0.023516177794212608,0.023516177794212608,0.2045187552078479,0.2045187552078479,0.052622403871571466,0.052622403871571466
eta_flip,eta_0.15,eta=0.15,0.15,0.6551292914748983,0.9,-0.06065187642963621,0.06065187642963621,0.024996390592867603,0.024996390592867603,-0.2729696293869536,0.2729696293869536,-0.23117105690328188,0.23117105690328188
eta_flip,eta_0.15,eta=0.15,0.15,0.6551292914748983,0.91,-0.06039594246783957,0.06039594246783957,0.01805678520647354,0.01805678520647354,0.3891905928014824,0.3891905928014824,0.2267342645691266,0.2267342645691266
eta_flip,eta_0.15,eta=0.15,0.15,0.6551292914748983,0.92,-0.06014514733147065,0.06014514733147065,0.03278020244889726,0.03278020244889726,0.597100436806702,0.597100436806702,0.23851940670535243,0.23851940670535243
eta_flip,eta_0.15,eta=0.15,0.15,0.6551292914748983,0.93,-0.059614930798191954,0.059614930798191954,0.029998793942607578,0.029998793942607578,-1.3488381522382515,1.3488381522382515,-0.8312263885613767,0.8312263885613767
eta_flip,eta_0.15,eta=0.15,0.15,0.6551292914748983,0.94,-0.06017933969834202,0.06017933969834202,0.005803439404132589,0.005803439404132589,-0.7537962057892418,0.7537962057892418,-0.3735957250247205,0.3735957250247205
eta_flip,eta_0.15,eta=0.15,0.15,0.6551292914748983,0.95,-0.05932921507752857,0.05932921507752857,0.014922869826823185,0.014922869826823185,0.23355987083102153,0.23355987083102153,-0.010487172704026326,0.010487172704026326
eta_flip,eta_0.15,eta=0.15,0.15,0.6551292914748983,0.96,-0.05834518023449864,0.05834518023449864,0.010474636820753024,0.010474636820753024,-1.7297577463783385,1.7297577463783385,-1.0324497479724277,1.0324497479724277
eta_flip,eta_0.15,eta=0.15,0.15,0.6551292914748983,0.97,-0.0598665734857506,0.0598665734857506,-0.01967228510074362,0.01967228510074362,-3.1289450805549333,3.1289450805549333,-1.2852842165279723,1.2852842165279723
eta_flip,eta_0.15,eta=0.15,0.15,0.6551292914748983,0.98,-0.0603687638951466,0.0603687638951466,-0.052104264790345696,0.052104264790345696,-3.796213591524485,3.796213591524485,-1.541212936499906,1.541212936499906
eta_flip,eta_0.15,eta=0.15,0.15,0.6551292914748983,0.99,-0.05808312412840835,0.05808312412840835,-0.09559655693123337,0.09559655693123337,-3.5022585454939783,3.5022585454939783,-1.202492532085439,1.202492532085439
eta_flip,eta_0.15,eta=0.15,0.15,0.6551292914748983,1.0,-0.06021050484634881,0.06021050484634881,-0.1221494357002253,0.1221494357002253,-2.655287876899191,2.655287876899191,-1.0236304408690224,1.0236304408690224
eta_flip,eta_0.25,eta=0.25,0.25,0.8111369149742439,0.01,-0.0005658125582144668,0.0005658125582144668,-0.04438031992606002,0.04438031992606002,-1.9531265570648195,1.9531265570648195,0.0,0.0
eta_flip,eta_0.25,eta=0.25,0.25,0.8111369149742439,0.02,-0.0007854443250324332,0.0007854443250324332,-0.06391158549670822,0.06391158549670822,-2.267618116006384,2.267618116006384,0.0,0.0
eta_flip,eta_0.25,eta=0.25,0.25,0.8111369149742439,0.03,-0.0012923336970165932,0.0012923336970165932,-0.08973268224618766,0.08973268224618766,-2.8389843411798132,2.8389843411798132,0.0,0.0
eta_flip,eta_0.25,eta=0.25,0.25,0.8111369149742439,0.04,-0.0022177009613204867,0.0022177009613204867,-0.12069127232030445,0.12069127232030445,-3.2917172578429845,3.2917172578429845,0.0,0.0
eta_flip,eta_0.25,eta=0.25,0.25,0.8111369149742439,0.05,-0.003589746577031083,0.003589746577031083,-0.1555670274030474,0.1555670274030474,-3.7438521308216455,3.7438521308216455,0.0,0.0
eta_flip,eta_0.25,eta=0.25,0.25,0.8111369149742439,0.06,-0.005391341674847167,0.005391341674847167,-0.19556831493673735,0.19556831493673735,-3.8713704565263356,3.8713704565263356,0.0,0.0
eta_flip,eta_0.25,eta=0.25,0.25,0.8111369149742439,0.07,-0.007643963655594144,0.007643963655594144,-0.23299443653357418,0.23299443653357418,-3.6565651844099913,3.6565651844099913,0.0,0.0
eta_flip,eta_0.25,eta=0.25,0.25,0.8111369149742439,0.08,-0.01016480781885945,0.01016480781885945,-0.2686996186249372,0.2686996186249372,-3.5743971329918067,3.5743971329918067,0.0,0.0
eta_flip,eta_0.25,eta=0.25,0.25,0.8111369149742439,0.09,-0.012965832900814083,0.012965832900814083,-0.3044823791934102,0.3044823791934102,-3.4646750422050343,3.4646750422050343,0.0,0.0
eta_flip,eta_0.25,eta=0.25,0.25,0.8111369149742439,0.1,-0.016491509212378172,0.016491509212378172,-0.3379931194690379,0.3379931194690379,-2.864185252397337,2.864185252397337,0.0,0.0
eta_flip,eta_0.25,eta=0.25,0.25,0.8111369149742439,0.11,-0.019637746560659287,0.019637746560659287,-0.36176608424135703,0.36176608424135703,-2.0867369108982663,2.0867369108982663,0.02646236082053607,0.02646236082053607
eta_flip,eta_0.25,eta=0.25,0.25,0.8111369149742439,0.12,-0.023787647585183487,0.023787647585183487,-0.37972785768700323,0.37972785768700323,-2.4146679814420295,2.4146679814420295,0.005607746118935116,0.005607746118935116
eta_flip,eta_0.25,eta=0.25,0.25,0.8111369149742439,0.13,-0.027820973753772203,0.027820973753772203,-0.4100594438701976,0.4100594438701976,-2.7084932333708656,2.7084932333708656,0.024213658251918464,0.024213658251918464
eta_flip,eta_0.25,eta=0.25,0.25,0.8111369149742439,0.14,-0.03253336830233442,0.03253336830233442,-0.43389772235442053,0.43389772235442053,-1.151248147850188,1.151248147850188,0.33335652748839545,0.33335652748839545
eta_flip,eta_0.25,eta=0.25,0.25,0.8111369149742439,0.15,-0.035922654965909157,0.035922654965909157,-0.43308440682720145,0.43308440682720145,-0.17619701319013448,0.17619701319013448,0.7443468554466794,0.7443468554466794
eta_flip,eta_0.25,eta=0.25,0.25,0.8111369149742439,0.16,-0.04036988582994484,0.04036988582994484,-0.43742166261822324,0.43742166261822324,-0.3685522963724627,0.3685522963724627,0.8090462774446623,0.8090462774446623
eta_flip,eta_0.25,eta=0.25,0.25,0.8111369149742439,0.17,-0.0464957784250751,0.0464957784250751,-0.4404554527546507,0.4404554527546507,-0.19426886897253298,0.19426886897253298,0.5545817435024452,0.5545817435024452
eta_flip,eta_0.25,eta=0.25,0.25,0.8111369149742439,0.18,-0.05037915847758125,0.05037915847758125,-0.44130703999767396,0.44130703999767396,-0.13699631954913233,0.13699631954913233,0.9912576596179287,0.9912576596179287
eta_flip,eta_0.25,eta=0.25,0.25,0.8111369149742439,0.19,-0.053678052624069744,0.053678052624069744,-0.44319537914563334,0.44319537914563334,1.2357818119335837,1.2357818119335837,1.6259097780497824,1.6259097780497824
eta_flip,eta_0.25,eta=0.25,0.25,0.8111369149742439,0.2,-0.059169601481437226,0.059169601481437226,-0.4165914037590023,0.4165914037590023,2.4739067972339708,2.4739067972339708,2.223060712793452,2.223060712793452
eta_flip,eta_0.25,eta=0.25,0.25,0.8111369149742439,0.21,-0.06284850396032052,0.06284850396032052,-0.393717243200954,0.393717243200954,1.304592987271602,1.304592987271602,2.185085929510266,2.185085929510266
eta_flip,eta_0.25,eta=0.25,0.25,0.8111369149742439,0.22,-0.06739050490759743,0.06739050490759743,-0.39049954401357034,0.39049954401357034,1.0008486287375298,1.0008486287375298,1.9554132767006795,1.9554132767006795
eta_flip,eta_0.25,eta=0.25,0.25,0.8111369149742439,0.23,-0.07094938896864525,0.07094938896864525,-0.37370027062620337,0.37370027062620337,1.8663645908556,1.8663645908556,2.3578805738596205,2.3578805738596205
eta_flip,eta_0.25,eta=0.25,0.25,0.8111369149742439,0.24,-0.074239071812635,0.074239071812635,-0.3531722521964582,0.3531722521964582,2.1312303611139964,2.1312303611139964,2.487104335741488,2.487104335741488
eta_flip,eta_0.25,eta=0.25,0.25,0.8111369149742439,0.25,-0.07775627913815493,0.07775627913815493,-0.3310756634039234,0.3310756634039234,2.225242506745163,2.225242506745163,2.7696294129881722,2.7696294129881722
eta_flip,eta_0.25,eta=0.25,0.25,0.8111369149742439,0.26,-0.08097086812539593,0.08097086812539593,-0.308667402061555,0.308667402061555,2.668039103957852,2.668039103957852,2.9553323648444167,2.9553323648444167
eta_flip,eta_0.25,eta=0.25,0.25,0.8111369149742439,0.27,-0.08419482386777952,0.08419482386777952,-0.2777148813247663,0.2777148813247663,3.02709053005311,3.02709053005311,3.5119008788681834,3.5119008788681834
eta_flip,eta_0.25,eta=0.25,0.25,0.8111369149742439,0.28,-0.0872673968814824,0.0872673968814824,-0.24812559146049276,0.24812559146049276,2.2581057504089266,2.2581057504089266,2.6888889844703496,2.6888889844703496
eta_flip,eta_0.25,eta=0.25,0.25,0.8111369149742439,0.29,-0.08932220486298484,0.08932220486298484,-0.23255276631658775,0.23255276631658775,2.370393401578939,2.370393401578939,2.8320958503608757,2.8320958503608757
eta_flip,eta_0.25,eta=0.25,0.25,0.8111369149742439,0.3,-0.09223112530187556,0.09223112530187556,-0.20071772342891397,0.20071772342891397,3.618590057789754,3.618590057789754,3.352483157817617,3.352483157817617
eta_flip,eta_0.25,eta=0.25,0.25,0.8111369149742439,0.31,-0.09183741886487201,0.09183741886487201,-0.1601809651607926,0.1601809651607926,3.263362415680666,3.263362415680666,3.068280298829732,3.068280298829732
eta_flip,eta_0.25,eta=0.25,0.25,0.8111369149742439,0.32,-0.0948955148903869,0.0948955148903869,-0.1354504751153006,0.1354504751153006,2.196807692693859,2.196807692693859,2.5773809130859484,2.5773809130859484
eta_flip,eta_0.25,eta=0.25,0.25,0.8111369149742439,0.33,-0.09638901965748625,0.09638901965748625,-0.11624481130691544,0.11624481130691544,2.1819016054031866,2.1819016054031866,2.6494311088654316,2.6494311088654316
eta_flip,eta_0.25,eta=0.25,0.25,0.8111369149742439,0.34,-0.09687715361573716,0.09687715361573716,-0.09181244300723682,0.09181244300723682,2.317149177334468,2.317149177334468,2.703777313761824,2.703777313761824
eta_flip,eta_0.25,eta=0.25,0.25,0.8111369149742439,0.35,-0.09701040225603572,0.09701040225603572,-0.06990182776022613,0.06990182776022613,2.845427024247114,2.845427024247114,2.9191134884397605,2.9191134884397605
eta_flip,eta_0.25,eta=0.25,0.25,0.8111369149742439,0.36,-0.09854226600457364,0.09854226600457364,-0.034903902522294625,0.034903902522294625,2.5956145010858056,2.5956145010858056,2.691218586687419,2.691218586687419
eta_flip,eta_0.25,eta=0.25,0.25,0.8111369149742439,0.37,-0.09928533774325493,0.09928533774325493,-0.01798953773850999,0.01798953773850999,1.3163382969939346,1.3163382969939346,1.493704803713237,1.493704803713237
eta_flip,eta_0.25,eta=0.25,0.25,0.8111369149742439,0.38,-0.0976369484445058,0.0976369484445058,-0.008577136582415879,0.008577136582415879,1.625853234381629,1.625853234381629,1.7533899597194265,1.7533899597194265
eta_flip,eta_0.25,eta=0.25,0.25,0.8111369149742439,0.39,-0.09888224119718479,0.09888224119718479,0.014527526949122613,0.014527526949122613,1.5085247331544491,1.5085247331544491,1.4723619113941746,1.4723619113941746
eta_flip,eta_0.25,eta=0.25,0.25,0.8111369149742439,0.4,-0.09728883970380961,0.09728883970380961,0.021593358080673114,0.021593358080673114,-0.13110666038306373,0.13110666038306373,0.7403370797209059,0.7403370797209059
eta_flip,eta_0.25,eta=0.25,0.25,0.8111369149742439,0.41,-0.09849586885280517,0.09849586885280517,0.011905393741461448,0.011905393741461448,0.4450093939151075,0.4450093939151075,1.0738549950744067,1.0738549950744067
eta_flip,eta_0.25,eta=0.25,0.25,0.8111369149742439,0.42,-0.09659248614050589,0.09659248614050589,0.03049354595897541,0.03049354595897541,1.6327107004905326,1.6327107004905326,1.6111791313546968,1.6111791313546968
eta_flip,eta_0.25,eta=0.25,0.25,0.8111369149742439,0.43,-0.09692632834722623,0.09692632834722623,0.04455960775127212,0.04455960775127212,0.32968720894461023,0.32968720894461023,0.822157589806489,0.822157589806489
eta_flip,eta_0.25,eta=0.25,0.25,0.8111369149742439,0.44,-0.09787820526930807,0.09787820526930807,0.03708729013786762,0.03708729013786762,-0.4763426592077934,0.4763426592077934,0.2018052905743677,0.2018052905743677
eta_flip,eta_0.25,eta=0.25,0.25,0.8111369149742439,0.45,-0.09737732579464804,0.09737732579464804,0.03503275456711625,0.03503275456711625,-0.14144948947717975,0.14144948947717975,0.5831894865763791,0.5831894865763791
eta_flip,eta_0.25,eta=0.25,0.25,0.8111369149742439,0.46,-0.09487276741278597,0.09487276741278597,0.034258300348324035,0.034258300348324035,0.286930072465138,0.286930072465138,0.5640596289038908,0.5640596289038908
eta_flip,eta_0.25,eta=0.25,0.25,0.8111369149742439,0.47,-0.09505996840303027,0.09505996840303027,0.040771356016418944,0.040771356016418944,0.6292084023077757,0.6292084023077757,0.6467546354527414,0.6467546354527414
eta_flip,eta_0.25,eta=0.25,0.25,0.8111369149742439,0.48,-0.09553251953428302,0.09553251953428302,0.04684246839447952,0.04684246839447952,0.12269115338761832,0.12269115338761832,0.3762436082258386,0.3762436082258386
eta_flip,eta_0.25,eta=0.25,0.25,0.8111369149742439,0.49,-0.09465124981963177,0.09465124981963177,0.043225179084171325,0.043225179084171325,-0.8179139755779131,0.8179139755779131,0.3313811627258919,0.3313811627258919
eta_flip,eta_0.25,eta=0.25,0.25,0.8111369149742439,0.5,-0.09407140261933497,0.09407140261933497,0.030484188882921252,0.030484188882921252,-0.30412615973200374,0.30412615973200374,0.15622504811279692,0.15622504811279692
eta_flip,eta_0.25,eta=0.25,0.25,0.8111369149742439,0.51,-0.09502514115490067,0.09502514115490067,0.03714265588953124,0.03714265588953124,0.8054245861799696,0.8054245861799696,0.7654485993058183,0.7654485993058183
eta_flip,eta_0.25,eta=0.25,0.25,0.8111369149742439,0.52,-0.09367244433382829,0.09367244433382829,0.04659268060652066,0.04659268060652066,0.2063173924738318,0.2063173924738318,0.37645024969870977,0.37645024969870977
eta_flip,eta_0.25,eta=0.25,0.25,0.8111369149742439,0.53,-0.09252612380182168,0.09252612380182168,0.04126900373900789,0.04126900373900789,0.27751276075898634,0.27751276075898634,0.3662451260585049,0.3662451260585049
eta_flip,eta_0.25,eta=0.25,0.25,0.8111369149742439,0.54,-0.09313882557038558,0.09313882557038558,0.052142935821700376,0.052142935821700376,0.8668436979973517,0.8668436979973517,1.088445930745244,1.088445930745244
eta_flip,eta_0.25,eta=0.25,0.25,0.8111369149742439,0.55,-0.09225369054239332,0.09225369054239332,0.058605877698954936,0.058605877698954936,-0.3930018818850419,0.3930018818850419,0.12791569195021135,0.12791569195021135
eta_flip,eta_0.25,eta=0.25,0.25,0.8111369149742439,0.56,-0.09140710352660855,0.09140710352660855,0.04428289818399954,0.04428289818399954,-0.545896318370759,0.545896318370759,0.17362486203885785,0.17362486203885785
eta_flip,eta_0.25,eta=0.25,0.25,0.8111369149742439,0.57,-0.09153788838889708,0.09153788838889708,0.0476879513315396,0.0476879513315396,0.5553885249771228,0.5553885249771228,0.5327460964378544,0.5327460964378544
eta_flip,eta_0.25,eta=0.25,0.25,0.8111369149742439,0.58,-0.09025864437030048,0.09025864437030048,0.055390668683542,0.055390668683542,0.04305032916829438,0.04305032916829438,0.5345538757955053,0.5345538757955053
eta_flip,eta_0.25,eta=0.25,0.25,0.8111369149742439,0.59,-0.09023411824057476,0.09023411824057476,0.0485489579149055,0.0485489579149055,-0.009053112791924556,0.009053112791924556,0.22724306707523834,0.22724306707523834
eta_flip,eta_0.25,eta=0.25,0.25,0.8111369149742439,0.6,-0.08976484414931526,0.08976484414931526,0.05520960642770352,0.05520960642770352,-0.020194402946233377,0.020194402946233377,0.5773627488863357,0.5773627488863357
eta_flip,eta_0.25,eta=0.25,0.25,0.8111369149742439,0.61,-0.08922379203647644,0.08922379203647644,0.04814506985598083,0.04814506985598083,-1.3533305220984309,1.3533305220984309,-0.2917962829735353,0.2917962829735353
eta_flip,eta_0.25,eta=0.25,0.25,0.8111369149742439,0.62,-0.08841403046060656,0.08841403046060656,0.028142995985734866,0.028142995985734866,-0.133001273905629,0.133001273905629,0.14906713734862764,0.14906713734862764
eta_flip,eta_0.25,eta=0.25,0.25,0.8111369149742439,0.63,-0.08844990950030854,0.08844990950030854,0.04548504437786823,0.04548504437786823,1.4672770002323368,1.4672770002323368,1.017109365374576,1.017109365374576
eta_flip,eta_0.25,eta=0.25,0.25,0.8111369149742439,0.64,-0.0867657375153186,0.0867657375153186,0.05748853599038163,0.05748853599038163,-0.03699665297049454,0.03699665297049454,0.27866798200847964,0.27866798200847964
eta_flip,eta_0.25,eta=0.25,0.25,0.8111369149742439,0.65,-0.08829048546404161,0.08829048546404161,0.04474511131845834,0.04474511131845834,-0.7573771350756358,0.7573771350756358,-0.21847557718402044,0.21847557718402044
eta_flip,eta_0.25,eta=0.25,0.25,0.8111369149742439,0.66,-0.08826225770883074,0.08826225770883074,0.04234099328886891,0.04234099328886891,-0.15366854476344727,0.15366854476344727,-0.2677394607980419,0.2677394607980419
eta_flip,eta_0.25,eta=0.25,0.25,0.8111369149742439,0.67,-0.08536879846815776,0.08536879846815776,0.04167174042318939,0.04167174042318939,-0.2207381687335188,0.2207381687335188,0.30706090409262143,0.30706090409262143
eta_flip,eta_0.25,eta=0.25,0.25,0.8111369149742439,0.68,-0.08557144267898054,0.08557144267898054,0.037926229914198514,0.037926229914198514,0.29726896777476197,0.29726896777476197,0.22890266310899732,0.22890266310899732
eta_flip,eta_0.25,eta=0.25,0.25,0.8111369149742439,0.69,-0.0858020642335183,0.0858020642335183,0.04761711977868445,0.04761711977868445,-0.26985290110194465,0.26985290110194465,-0.2660616376851508,0.2660616376851508
eta_flip,eta_0.25,eta=0.25,0.25,0.8111369149742439,0.7,-0.08513413666695514,0.08513413666695514,0.032529171892159384,0.032529171892159384,-1.2420427077631377,1.2420427077631377,-0.478478299372579,0.478478299372579
eta_flip,eta_0.25,eta=0.25,0.25,0.8111369149742439,0.71,-0.08424746668942548,0.08424746668942548,0.022776265623421672,0.022776265623421672,0.10685617620587035,0.10685617620587035,0.1025280735517966,0.1025280735517966
eta_flip,eta_0.25,eta=0.25,0.25,0.8111369149742439,0.72,-0.08549908410194695,0.08549908410194695,0.034666295416276784,0.034666295416276784,0.6785642511961656,0.6785642511961656,0.4307205834133143,0.4307205834133143
eta_flip,eta_0.25,eta=0.25,0.25,0.8111369149742439,0.73,-0.08438726230190954,0.08438726230190954,0.036347550647344996,0.036347550647344996,-0.2764279738701887,0.2764279738701887,-0.32529378123158803,0.32529378123158803
eta_flip,eta_0.25,eta=0.25,0.25,0.8111369149742439,0.74,-0.08468970981017661,0.08468970981017661,0.029137735938873012,0.029137735938873012,-0.5078957897748818,0.5078957897748818,-0.20064067561892118,0.20064067561892118
eta_flip,eta_0.25,eta=0.25,0.25,0.8111369149742439,0.75,-0.08306185414968265,0.08306185414968265,0.02618963485184735,0.02618963485184735,0.30497634201555157,0.30497634201555157,0.21662730071908687,0.21662730071908687
eta_flip,eta_0.25,eta=0.25,0.25,0.8111369149742439,0.76,-0.08345837140453746,0.08345837140453746,0.03523726277918404,0.03523726277918404,1.0445680457345474,1.0445680457345474,0.26539171755000407,0.26539171755000407
eta_flip,eta_0.25,eta=0.25,0.25,0.8111369149742439,0.77,-0.08238917240530769,0.08238917240530769,0.04708099576653833,0.04708099576653833,0.05710093151697587,0.05710093151697587,-0.4012052698446025,0.4012052698446025
eta_flip,eta_0.25,eta=0.25,0.25,0.8111369149742439,0.78,-0.08291314791963068,0.08291314791963068,0.03637928140952356,0.03637928140952356,-0.8681029830848175,0.8681029830848175,-0.7723037998355948,0.7723037998355948
eta_flip,eta_0.25,eta=0.25,0.25,0.8111369149742439,0.79,-0.0831668539924831,0.0831668539924831,0.02971893610484196,0.02971893610484196,-0.18087843341165433,0.18087843341165433,-0.31931960543874904,0.31931960543874904
eta_flip,eta_0.25,eta=0.25,0.25,0.8111369149742439,0.8,-0.08178627562228764,0.08178627562228764,0.03276171274129048,0.03276171274129048,0.3819130699759563,0.3819130699759563,0.1676735220489115,0.1676735220489115
eta_flip,eta_0.25,eta=0.25,0.25,0.8111369149742439,0.81,-0.08069935708248313,0.08069935708248313,0.03735719750436109,0.03735719750436109,0.5822825128131353,0.5822825128131353,0.2582141170332477,0.2582141170332477
eta_flip,eta_0.25,eta=0.25,0.25,0.8111369149742439,0.82,-0.08195910748004274,0.08195910748004274,0.0444073629975531,0.0444073629975531,-0.13487582108320573,0.13487582108320573,-0.06754937529071992,0.06754937529071992
eta_flip,eta_0.25,eta=0.25,0.25,0.8111369149742439,0.83,-0.08040046701949939,0.08040046701949939,0.0346596810826968,0.0346596810826968,-0.7316163295487614,0.7316163295487614,-0.5685989972399229,0.5685989972399229
eta_flip,eta_0.25,eta=0.25,0.25,0.8111369149742439,0.84,-0.080860437006565,0.080860437006565,0.02977503640657786,0.02977503640657786,-0.13263139144374098,0.13263139144374098,-0.18601444236506348,0.18601444236506348
eta_flip,eta_0.25,eta=0.25,0.25,0.8111369149742439,0.85,-0.07921187566776275,0.07921187566776275,0.032007053253821985,0.032007053253821985,0.20266005968045536,0.20266005968045536,-0.015105169392352624,0.015105169392352624
eta_flip,eta_0.25,eta=0.25,0.25,0.8111369149742439,0.86,-0.08065109542469356,0.08065109542469356,0.03382823760018697,0.03382823760018697,0.4498056792500582,0.4498056792500582,0.2662439189522148,0.2662439189522148
eta_flip,eta_0.25,eta=0.25,0.25,0.8111369149742439,0.87,-0.07944967883849957,0.07944967883849957,0.041003166838823144,0.041003166838823144,0.008014594193137436,0.008014594193137436,0.12448814314861822,0.12448814314861822
eta_flip,eta_0.25,eta=0.25,0.25,0.8111369149742439,0.88,-0.07886744876935024,0.07886744876935024,0.03398852948404972,0.03398852948404972,-0.31745726546106295,0.31745726546106295,-0.5681514669887595,0.5681514669887595
eta_flip,eta_0.25,eta=0.25,0.25,0.8111369149742439,0.89,-0.07931002833764053,0.07931002833764053,0.03465402152960189,0.03465402152960189,0.6401474651767596,0.6401474651767596,0.020390317061295238,0.020390317061295238
eta_flip,eta_0.25,eta=0.25,0.25,0.8111369149742439,0.9,-0.07831359289787543,0.07831359289787543,0.04679147878758491,0.04679147878758491,-0.08460444149080038,0.08460444149080038,-0.35985013446276537,0.35985013446276537
eta_flip,eta_0.25,eta=0.25,0.25,0.8111369149742439,0.91,-0.07720686777075374,0.07720686777075374,0.03296193269978588,0.03296193269978588,-0.31448308790667573,0.31448308790667573,-0.28130981063273586,0.28130981063273586
eta_flip,eta_0.25,eta=0.25,0.25,0.8111369149742439,0.92,-0.07810705077580705,0.07810705077580705,0.040501817029451395,0.040501817029451395,0.10786434294694844,0.10786434294694844,-0.06244388594376282,0.06244388594376282
eta_flip,eta_0.25,eta=0.25,0.25,0.8111369149742439,0.93,-0.07690435730250496,0.07690435730250496,0.03511921955872485,0.03511921955872485,-1.4489806203485418,1.4489806203485418,-1.0098073093154951,1.0098073093154951
eta_flip,eta_0.25,eta=0.25,0.25,0.8111369149742439,0.94,-0.07664560993042627,0.07664560993042627,0.011522204622480891,0.011522204622480891,-0.47141670589830365,0.47141670589830365,-0.3247913363967314,0.3247913363967314
eta_flip,eta_0.25,eta=0.25,0.25,0.8111369149742439,0.95,-0.07705684709945355,0.07705684709945355,0.02569088544075924,0.02569088544075924,1.018231328988794,1.018231328988794,0.4354356924188376,0.4354356924188376
eta_flip,eta_0.25,eta=0.25,0.25,0.8111369149742439,0.96,-0.07545037562341406,0.07545037562341406,0.031886831202256785,0.031886831202256785,-0.5081864677681671,0.5081864677681671,-0.6532345712408494,0.6532345712408494
eta_flip,eta_0.25,eta=0.25,0.25,0.8111369149742439,0.97,-0.07725655487388043,0.07725655487388043,0.015527156085395889,0.015527156085395889,-1.0595637108541796,1.0595637108541796,-0.5446696900645369,0.5446696900645369
eta_flip,eta_0.25,eta=0.25,0.25,0.8111369149742439,0.98,-0.07665079714760141,0.07665079714760141,0.010695556985173178,0.010695556985173178,-0.9644899471511135,0.9644899471511135,-0.40178889264000617,0.40178889264000617
eta_flip,eta_0.25,eta=0.25,0.25,0.8111369149742439,0.99,-0.0750663974372531,0.0750663974372531,-0.0037626428576263953,0.0037626428576263953,-0.9476263837659912,0.9476263837659912,-0.5275002663935937,0.5275002663935937
eta_flip,eta_0.25,eta=0.25,0.25,0.8111369149742439,1.0,-0.07548085427274297,0.07548085427274297,-0.008256970690146661,0.008256970690146661,-0.4494327832520258,0.4494327832520258,-0.5618211847395596,0.5618211847395596
