radius,dataset_count,dphi_energy_dr_mean,dphi_energy_dr_sd,mean_refs_per_dataset,min_refs_per_dataset,max_refs_per_dataset,dphi_energy_dr_sem,dphi_energy_dr_ci95_low,dphi_energy_dr_ci95_high
0.01,90,-0.00024279388682609925,5.860354870907479e-05,30.0,30,30,6.177356429643222e-06,-0.0002549015054282,-0.00023068626822399853
0.02,90,-0.0007805264685649142,0.00017883739262230153,30.0,30,30,1.8851116383075516e-05,-0.0008174746566757422,-0.0007435782804540862
0.03,90,-0.0015358443972387143,0.0003284746549641207,30.0,30,30,3.462426877748518e-05,-0.0016037079640425853,-0.0014679808304348433
0.04,90,-0.0023356100607979046,0.00046266269996101403,30.0,30,30,4.876893067599668e-05,-0.002431197164922858,-0.0022400229566729513
0.05,90,-0.0030784178871548352,0.0005700068145773365,30.0,30,30,6.00839938627217e-05,-0.00319618251512577,-0.0029606532591839006
0.06,90,-0.0037209366534118045,0.0006505389144909456,30.0,30,30,6.857282254549684e-05,-0.0038553393856009784,-0.0035865339212226306
0.07,90,-0.004255734002001797,0.0007081282140383633,30.0,30,30,7.464326772628162e-05,-0.0044020348067453086,-0.004109433197258285
0.08,90,-0.004685780304455803,0.0007486062942856722,30.0,30,30,7.891003202270056e-05,-0.004840443967220296,-0.00453111664169131
0.09,90,-0.0050238764699357535,0.0007774128097188232,30.0,30,30,8.194650536341886e-05,-0.005184491620448054,-0.004863261319423453
0.1,90,-0.005284061945158462,0.0007958512778966271,30.0,30,30,8.389009056363202e-05,-0.005448486522663181,-0.005119637367653744
0.11,90,-0.005478481580221488,0.0008065609040558165,30.0,30,30,8.501898428203067e-05,-0.0056451187894142685,-0.005311844371028708
0.12,90,-0.005615752788895251,0.0008127903094021243,30.0,30,30,8.567562126078943e-05,-0.0057836770065663986,-0.005447828571224104
0.13,90,-0.005708035552558024,0.0008139929703130553,30.0,30,30,8.580239285183592e-05,-0.0058762082425476226,-0.005539862862568425
0.14,90,-0.005763945852566746,0.0008109336069725676,30.0,30,30,8.547990764030384e-05,-0.005931486471541741,-0.005596405233591751
0.15,90,-0.005789322273590451,0.0008064266776920246,30.0,30,30,8.500483558097651e-05,-0.005955931751329165,-0.005622712795851737
0.16,90,-0.005790175744768107,0.0008001211889311858,30.0,30,30,8.43401787061484e-05,-0.005955482495032158,-0.005624868994504056
0.17,90,-0.005771446972646044,0.0007915541147573515,30.0,30,30,8.3437129797051e-05,-0.005934983747048264,-0.005607910198243824
0.18,90,-0.005737055625544736,0.0007816231874821034,30.0,30,30,8.239031814814188e-05,-0.005898540649115094,-0.0055755706019743785
0.19,90,-0.005688677310333985,0.0007710609605988149,30.0,30,30,8.127696167765344e-05,-0.005847980155222186,-0.005529374465445784
0.2,90,-0.0056316776827351955,0.0007602583698812293,30.0,30,30,8.013826863438133e-05,-0.005788748689258583,-0.005474606676211808
0.21,90,-0.0055644541366622535,0.0007487221973224936,30.0,30,30,7.892224927550342e-05,-0.00571914174524224,-0.005409766528082267
0.22,90,-0.005493339650162845,0.000736255453084387,30.0,30,30,7.760813904886351e-05,-0.005645451602698618,-0.005341227697627073
0.23,90,-0.0054178182264365176,0.0007236821367395018,30.0,30,30,7.628279513580816e-05,-0.005567332504902702,-0.0052683039479703335
0.24,90,-0.005338815320511165,0.0007121277016006671,30.0,30,30,7.506485073196145e-05,-0.00548594242794581,-0.00519168821307652
0.25,90,-0.005255773785823728,0.0006992220894198801,30.0,30,30,7.370447976229146e-05,-0.00540023456615782,-0.005111313005489637
0.26,90,-0.0051745283255803754,0.0006877159077173382,30.0,30,30,7.249162171723192e-05,-0.00531661190414615,-0.005032444747014601
0.27,90,-0.005091192022466639,0.0006753099534833698,30.0,30,30,7.118391931966025e-05,-0.0052307125043331735,-0.004951671540600105
0.28,90,-0.005008038057444553,0.0006632155146118761,30.0,30,30,6.990905352447371e-05,-0.005145059802352522,-0.004871016312536584
0.29,90,-0.004924387716860435,0.0006513953037082816,30.0,30,30,6.866309389517652e-05,-0.0050589673808949815,-0.004789808052825889
0.3,90,-0.004841024734295845,0.000637801352102022,30.0,30,30,6.723016557924703e-05,-0.004972795858831169,-0.004709253609760521
0.31,90,-0.004759135242882479,0.0006274942588147054,30.0,30,30,6.614370255112193e-05,-0.004888776899882678,-0.00462949358588228
0.32,90,-0.004677350403002941,0.0006157974045503763,30.0,30,30,6.491074585331084e-05,-0.00480457546487543,-0.004550125341130452
0.33,90,-0.004597389971152284,0.0006050044221592098,30.0,30,30,6.377306561657161e-05,-0.004722385179760764,-0.0044723947625438035
0.34,90,-0.004521425324427897,0.0005955704616264417,30.0,30,30,6.277863886191552e-05,-0.004644471456597251,-0.004398379192258542
0.35,90,-0.004442020612488312,0.0005830615645802332,30.0,30,30,6.146008533916314e-05,-0.004562482379753072,-0.004321558845223552
0.36,90,-0.0043668726393257,0.0005736553397173191,30.0,30,30,6.046858218081269e-05,-0.004485391060400093,-0.004248354218251307
0.37,90,-0.0042934907786123175,0.0005638233406611279,30.0,30,30,5.9432198481806345e-05,-0.004409977887636658,-0.004177003669587977
0.38,90,-0.0042208578671102176,0.0005530422392059894,30.0,30,30,5.829577060568658e-05,-0.004335117577497364,-0.0041065981567230715
0.39,90,-0.004149007441812378,0.0005416391456353393,30.0,30,30,5.7093779003844027e-05,-0.004260911248659912,-0.004037103634964844
0.4,90,-0.0040822376002112104,0.0005338548578902046,30.0,30,30,5.627324302928529e-05,-0.004192533156548609,-0.003971942043873812
0.41,90,-0.004016891025425787,0.0005254611854578424,30.0,30,30,5.538847226863095e-05,-0.004125452431072304,-0.003908329619779271
0.42,90,-0.003949346409232081,0.0005152885443105402,30.0,30,30,5.431618174046351e-05,-0.0040558061254433895,-0.0038428866930207725
0.43,90,-0.003884033933092148,0.0005054329420750316,30.0,30,30,5.32773100479017e-05,-0.003988457460786035,-0.0037796104053982606
0.44,90,-0.0038244231356020916,0.0004979428830924403,30.0,30,30,5.2487788508101966e-05,-0.0039272992010779715,-0.0037215470701262117
0.45,90,-0.003763385040770706,0.0004890932639778206,30.0,30,30,5.1554956747196606e-05,-0.0038644327559952114,-0.0036623373255462006
0.46,90,-0.003704024530406897,0.00048193342438115227,30.0,30,30,5.080024338696549e-05,-0.0038035930074453495,-0.0036044560533684445
0.47,90,-0.003645938455470384,0.00047329866251110406,30.0,30,30,4.989005956821458e-05,-0.0037437229722240848,-0.0035481539387166834
0.48,90,-0.003588883351926311,0.00046380385179978315,30.0,30,30,4.888921864155e-05,-0.003684706220463749,-0.0034930604833888733
0.49,90,-0.0035355064476132827,0.0004582226954667255,30.0,30,30,4.830091310855215e-05,-0.0036301762373060448,-0.0034408366579205206
0.5,90,-0.003482091424337949,0.0004492457757305474,30.0,30,30,4.7354662683924134e-05,-0.0035749065631984402,-0.0033892762854774577
0.51,90,-0.003430899639520915,0.0004426839069446642,30.0,30,30,4.666298098157231e-05,-0.0035223590822447966,-0.003339440196797033
0.52,90,-0.003380403753959438,0.0004358917155405726,30.0,30,30,4.594702114354742e-05,-0.003470459915400791,-0.003290347592518085
0.53,90,-0.0033316929917225502,0.00042781839865216684,30.0,30,30,4.5096018822225235e-05,-0.003420081188614112,-0.0032433047948309886
0.54,90,-0.003283817555482172,0.00042144029982918847,30.0,30,30,4.4423708174816875e-05,-0.003370888023504813,-0.003196747087459531
0.55,90,-0.003237093520395145,0.00041233229673379396,30.0,30,30,4.346364035090653e-05,-0.0033222822554829215,-0.0031519047853073683
0.56,90,-0.003191544089221001,0.0004065402258416727,30.0,30,30,4.2853102471297646e-05,-0.0032755361700647443,-0.0031075520083772576
0.57,90,-0.0031481726545615936,0.0004019275753404458,30.0,30,30,4.23668864168245e-05,-0.0032312117519385695,-0.0030651335571846177
0.58,90,-0.0031055171509156597,0.00039319718312506624,30.0,30,30,4.144662227458441e-05,-0.003186752530573845,-0.0030242817712574743
0.59,90,-0.0030632435680307477,0.0003887018926488067,30.0,30,30,4.0972777052949634e-05,-0.003143550211054529,-0.0029829369250069663
0.6,90,-0.003023176264461158,0.0003814062607968071,30.0,30,30,4.020374993220326e-05,-0.0031019756143282765,-0.0029443769145940397
0.61,90,-0.002984404609039708,0.0003756325734936398,30.0,30,30,3.959514985301647e-05,-0.00306201110275162,-0.002906798115327796
0.62,90,-0.0029445808805340233,0.0003710292387639039,30.0,30,30,3.91099157670791e-05,-0.0030212363154374982,-0.0028679254456305484
0.63,90,-0.0029073153229196586,0.00036295364923414453,30.0,30,30,3.825867388832418e-05,-0.002982302323740774,-0.0028323283220985434
0.64,90,-0.0028709088727252186,0.000358033796552474,30.0,30,30,3.774007588077197e-05,-0.0029448794214515317,-0.0027969383239989055
0.65,90,-0.0028329985134793205,0.00035108250877437426,30.0,30,30,3.7007345812435755e-05,-0.0029055329112716946,-0.0027604641156869464
0.66,90,-0.002798567442075419,0.0003460634231830475,30.0,30,30,3.647828773777157e-05,-0.002870064886041451,-0.0027270699981093867
0.67,90,-0.0027640416959311565,0.0003403524223973591,30.0,30,30,3.587629539771202e-05,-0.002834359234910672,-0.002693724156951641
0.68,90,-0.0027315873722357767,0.00033561412607051284,30.0,30,30,3.537683511032389e-05,-0.0028009259690520115,-0.002662248775419542
0.69,90,-0.0026991554009627356,0.0003312061058599799,30.0,30,30,3.491218898241259e-05,-0.0027675832913682643,-0.002630727510557207
0.7,90,-0.0026667582589735097,0.0003244566041020926,30.0,30,30,3.4200729028204786e-05,-0.002733791687868791,-0.0025997248300782282
0.71,90,-0.002635253924658039,0.00032070677012116186,30.0,30,30,3.38054618206302e-05,-0.0027015126298264745,-0.0025689952194896037
0.72,90,-0.0026067777285329143,0.00031734470058905774,30.0,30,30,3.3451068574853345e-05,-0.002672341822939627,-0.0025412136341262017
0.73,90,-0.002578150273129742,0.00031025066707040323,30.0,30,30,3.270329178430245e-05,-0.002642248725026975,-0.002514051821232509
0.74,90,-0.0025495955266901325,0.0003049501280841363,30.0,30,30,3.2144565916865e-05,-0.0026125988758871877,-0.0024865921774930772
0.75,90,-0.0025207214508811554,0.0003002947635185138,30.0,30,30,3.165384740467142e-05,-0.0025827629917943113,-0.0024586799099679995
0.76,90,-0.0024917909942703794,0.000295332933596441,30.0,30,30,3.113082460746723e-05,-0.002552807410501015,-0.002430774578039744
0.77,90,-0.0024671477058959236,0.00029078675768670463,30.0,30,30,3.065161559018206e-05,-0.00252722487245268,-0.002407070539339167
0.78,90,-0.0024397726873854964,0.0002880568168115634,30.0,30,30,3.0363854555414072e-05,-0.002499285842314108,-0.0023802595324568846
0.79,90,-0.0024150010746677767,0.0002811977836200223,30.0,30,30,2.964084897434861e-05,-0.0024730971386575,-0.0023569050106780533
0.8,90,-0.0023907938554706427,0.00027775661825057415,30.0,30,30,2.927811829525691e-05,-0.002448178967329346,-0.0023334087436119393
0.81,90,-0.0023659789924906976,0.0002740373125035316,30.0,30,30,2.8886069046083295e-05,-0.0024225956878210207,-0.0023093622971603746
0.82,90,-0.0023417237714642544,0.0002680399673948596,30.0,30,30,2.8253893364167513e-05,-0.0023971014024580226,-0.0022863461404704862
0.83,90,-0.002319050131348264,0.0002631590057564787,30.0,30,30,2.7739394832527817e-05,-0.0023734193452200182,-0.0022646809174765095
0.84,90,-0.0022974935350817587,0.00026120164806636145,30.0,30,30,2.7533071215980598e-05,-0.0023514583546650806,-0.002243528715498437
0.85,90,-0.002273451367771213,0.0002556395836190407,30.0,30,30,2.694677814444129e-05,-0.002326267052934318,-0.002220635682608108
0.86,90,-0.0022538381104395943,0.0002530697479791083,30.0,30,30,2.6675893683292535e-05,-0.0023061228620588478,-0.002201553358820341
0.87,90,-0.0022331258212245813,0.00024739971105825663,30.0,30,30,2.607821931372123e-05,-0.002284239131079475,-0.0021820125113696876
0.88,90,-0.0022119312752579934,0.00024325548085594168,30.0,30,30,2.564137909414204e-05,-0.0022621883782825117,-0.002161674172233475
0.89,90,-0.0021912336354288067,0.00024092636150783973,30.0,30,30,2.5395868358063084e-05,-0.0022410095374106103,-0.002141457733447003
0.9,90,-0.0021730722381055234,0.00023736173323565536,30.0,30,30,2.5020123546331976e-05,-0.002222111680256334,-0.002124032795954713
0.91,90,-0.002155263412576428,0.00023454734956702785,30.0,30,30,2.472346145958386e-05,-0.002203721397037212,-0.002106805428115644
0.92,90,-0.0021356016485387813,0.00022969193436894535,30.0,30,30,2.4211655759192582e-05,-0.0021830564938267985,-0.002088146803250764
0.93,90,-0.0021167540278951586,0.00022556675661674022,30.0,30,30,2.3776823844191852e-05,-0.0021633566026297746,-0.0020701514531605426
0.94,90,-0.0020993741554524744,0.00022225043689882455,30.0,30,30,2.34272530522605e-05,-0.002145291571434905,-0.0020534567394700437
0.95,90,-0.002079940659700516,0.00021869975876999837,30.0,30,30,2.305297871475265e-05,-0.002125124497981431,-0.002034756821419601
0.96,90,-0.002064139708162997,0.00021573707128529586,30.0,30,30,2.274068403318814e-05,-0.0021087114488680457,-0.0020195679674579483
0.97,90,-0.002048725887127828,0.00021159355458168534,30.0,30,30,2.230391902297607e-05,-0.002092441568412861,-0.0020050102058427953
0.98,90,-0.0020336026483186386,0.00020807597137600004,30.0,30,30,2.1933133196672003e-05,-0.0020765915893841158,-0.0019906137072531614
0.99,90,-0.002017234756583869,0.00020510064447991065,30.0,30,30,2.1619506204165283e-05,-0.002059608988744033,-0.001974860524423705
1.0,90,-0.0020027616745111427,0.00020213436523258005,30.0,30,30,2.1306832917576794e-05,-0.002044523067029593,-0.0019610002819926923
1.01,90,-0.0019867451779577083,0.0001981497876682948,30.0,30,30,2.0886821563685216e-05,-0.0020276833482225313,-0.0019458070076928853
1.02,90,-0.001971793819254032,0.00019711510588161973,30.0,30,30,2.0777756527039027e-05,-0.002012518222047029,-0.0019310694164610357
1.03,90,-0.001957812419666142,0.00019222945124287838,30.0,30,30,2.0262763309726034e-05,-0.001997527435753205,-0.001918097403579079
1.04,90,-0.0019442336896699124,0.00018929357933562626,30.0,30,30,1.9953295238212055e-05,-0.001983342148336808,-0.0019051252310030168
1.05,90,-0.001930207056749866,0.00018652574298147996,30.0,30,30,1.966153966922143e-05,-0.00196874367450154,-0.001891670438998192
1.06,90,-0.0019159809254494398,0.00018443397600497236,30.0,30,30,1.9441048069885165e-05,-0.0019540853796664146,-0.0018778764712324648
1.07,90,-0.0019032398827287032,0.00017984667476461113,30.0,30,30,1.8957504062123267e-05,-0.001940396590690465,-0.0018660831747669415
1.08,90,-0.001890770097852449,0.00017960744510386889,30.0,30,30,1.8932287041729437e-05,-0.0019278773804542386,-0.0018536628152506594
1.09,90,-0.0018771343078299973,0.00017331732923878856,30.0,30,30,1.826925061239563e-05,-0.0019129420390302928,-0.0018413265766297018
1.1,90,-0.0018660643218104786,0.00017167611405139135,30.0,30,30,1.809625134164112e-05,-0.0019015329744400953,-0.001830595669180862
1.11,90,-0.0018548794415629557,0.00016943474853551137,30.0,30,30,1.785999067166982e-05,-0.0018898850232794285,-0.001819873859846483
1.12,90,-0.0018425035043763724,0.00016739811038092489,30.0,30,30,1.7645310160399976e-05,-0.0018770883122907563,-0.0018079186964619885
1.13,90,-0.0018307986321783752,0.00016532984515371936,30.0,30,30,1.7427295862956805e-05,-0.0018649561320697706,-0.0017966411322869798
1.14,90,-0.0018203142395905978,0.00016127808838604422,30.0,30,30,1.7000203199261633e-05,-0.0018536346378611505,-0.001786993841320045
1.15,90,-0.0018107258020298848,0.00015920660935194405,30.0,30,30,1.6781850136826893e-05,-0.0018436182282980656,-0.001777833375761704
1.16,90,-0.0017995058485251363,0.00015620871854087013,30.0,30,30,1.6465844698844124e-05,-0.0018317789041348708,-0.0017672327929154018
1.17,90,-0.0017893457994044193,0.00015464527994359467,30.0,30,30,1.630104380053715e-05,-0.0018212958452534722,-0.0017573957535553665
1.18,90,-0.0017797504220025961,0.00015343717240742737,30.0,30,30,1.6173698084780387e-05,-0.0018114508702487657,-0.0017480499737564266
1.19,90,-0.0017686286196346827,0.00014905291815150052,30.0,30,30,1.5711557108446532e-05,-0.001799423271567238,-0.0017378339677021275
1.2,90,-0.0017611354011480432,0.0001498288348312145,30.0,30,30,1.5793345907860253e-05,-0.0017920903591274492,-0.0017301804431686372
1.21,90,-0.0017489937883709724,0.0001437783998252906,30.0,30,30,1.5155574059409124e-05,-0.0017786987135274142,-0.0017192888632145305
1.22,90,-0.0017411400009348932,0.0001404154820052697,30.0,30,30,1.4801091396234647e-05,-0.001770150140071513,-0.0017121298617982733
1.23,90,-0.0017323440624005706,0.00014079462714713419,30.0,30,30,1.4841056803303962e-05,-0.0017614325337350465,-0.0017032555910660948
1.24,90,-0.001723923847987753,0.00013929552770352384,30.0,30,30,1.4683037847273966e-05,-0.0017527026021684098,-0.001695145093807096
1.25,90,-0.001716243766465096,0.00013639980252037873,30.0,30,30,1.4377801612052409e-05,-0.0017444242576247187,-0.0016880632753054731
1.26,90,-0.001709728312994103,0.00013332812270802418,30.0,30,30,1.4054018130392442e-05,-0.0017372741885296721,-0.001682182437458534
1.27,90,-0.0017000254187689383,0.00012933122844529973,30.0,30,30,1.3632708482490153e-05,-0.001726745527394619,-0.0016733053101432576
1.28,90,-0.0016930023114758149,0.00013047904893014742,30.0,30,30,1.3753699385060735e-05,-0.0017199595622705338,-0.001666045060681096
1.29,90,-0.0016853663245025173,0.00012877601892533283,30.0,30,30,1.3574184260433348e-05,-0.0017119717256529666,-0.001658760923352068
1.3,90,-0.0016778131180255795,0.0001260528811126098,30.0,30,30,1.3287140331408887e-05,-0.0017038559130751409,-0.0016517703229760182
1.31,90,-0.0016684588064366855,0.00012165046310425007,30.0,30,30,1.2823084727456922e-05,-0.001693592052502501,-0.0016433255603708699
1.32,90,-0.0016619585717597871,0.00012073420643267777,30.0,30,30,1.2726502794007145e-05,-0.0016869025172360412,-0.001637014626283533
1.33,90,-0.0016554479474794224,0.00011779914963169991,30.0,30,30,1.241712064223856e-05,-0.00167978550393821,-0.0016311103910206348
1.34,90,-0.0016489557215926245,0.00011652085982904961,30.0,30,30,1.2282377066033823e-05,-0.001673029180642051,-0.0016248822625431981
1.35,90,-0.0016435608381675324,0.00011489332363016634,30.0,30,30,1.2110819687272358e-05,-0.0016672980447545863,-0.0016198236315804785
1.36,90,-0.001636620881936045,0.00011394942075036554,30.0,30,30,1.201132358760027e-05,-0.0016601630761677415,-0.0016130786877043483
1.37,90,-0.0016326356248514847,0.0001135891021114695,30.0,30,30,1.1973342668189495e-05,-0.0016561033764811361,-0.0016091678732218333
1.38,90,-0.001625106805418148,0.00010980047682290166,30.0,30,30,1.1573986497763261e-05,-0.001647791818953764,-0.0016024217918825321
1.39,90,-0.0016194233271331173,0.00010679814547475734,30.0,30,30,1.1257512986074594e-05,-0.0016414880525858235,-0.0015973586016804111
1.4,90,-0.0016133904103679,0.00010695611440710388,30.0,30,30,1.127416437359993e-05,-0.001635487772540156,-0.001591293048195644
1.41,90,-0.001608406878624059,0.00010489236048673863,30.0,30,30,1.10566256096514e-05,-0.0016300778648189757,-0.0015867358924291424
1.42,90,-0.0016028162549742548,9.998261480622076e-05,30.0,30,30,1.0539092973564405e-05,-0.001623472877202441,-0.0015821596327460685
1.43,90,-0.0015979775076149247,0.00010009210000091292,30.0,30,30,1.0550633726407545e-05,-0.0016186567497186834,-0.001577298265511166
1.44,90,-0.00159008253957191,9.778648013829906e-05,30.0,30,30,1.0307600053594735e-05,-0.0016102854356769556,-0.0015698796434668644
1.45,90,-0.001587033187864878,9.889044134259543e-05,30.0,30,30,1.0423967782062701e-05,-0.0016074641647177209,-0.0015666022110120352
1.46,90,-0.0015828696004095853,9.409020655863775e-05,30.0,30,30,9.917978608033616e-06,-0.0016023088384813312,-0.0015634303623378394
1.47,90,-0.0015761439258015948,9.472728061580402e-05,30.0,30,30,9.985132109995273e-06,-0.0015957147847371856,-0.001556573066866004
1.48,90,-0.0015718011231593823,9.165373643725835e-05,30.0,30,30,9.661152106883422e-06,-0.0015907369812888739,-0.0015528652650298907
1.49,90,-0.001571163487032763,9.159397933850724e-05,30.0,30,30,9.654853155602852e-06,-0.0015900869992177447,-0.0015522399748477815
1.5,90,-0.001565635521494736,9.012378853018543e-05,30.0,30,30,9.499881437291488e-06,-0.0015842552891118273,-0.0015470157538776447
1.51,90,-0.0015599924038487568,8.894955042607725e-05,30.0,30,30,9.376105873146828e-06,-0.0015783695713601246,-0.001541615236337389
1.52,90,-0.0015567420029696834,8.491136789649306e-05,30.0,30,30,8.950444059780616e-06,-0.0015742848733268533,-0.0015391991326125134
1.53,90,-0.0015549852180792025,8.68519220674259e-05,30.0,30,30,9.154996429883533e-06,-0.0015729290110817742,-0.0015370414250766309
1.54,90,-0.0015499794872273138,8.243077254832496e-05,30.0,30,30,8.688966351332964e-06,-0.0015670098612759263,-0.0015329491131787013
1.55,90,-0.0015453797431854682,8.348397278098557e-05,30.0,30,30,8.799983403580524e-06,-0.001562627710656486,-0.0015281317757144504
1.56,90,-0.0015451965974566265,8.235956616283884e-05,30.0,30,30,8.681460539263494e-06,-0.001562212260113583,-0.00152818093479967
1.57,90,-0.0015387846966295354,8.366061959155452e-05,30.0,30,30,8.818603612340596e-06,-0.0015560691597097229,-0.001521500233549348
1.58,90,-0.0015358732481232631,7.771570831251274e-05,30.0,30,30,8.191954941360701e-06,-0.00155192947980833,-0.0015198170164381962
1.59,90,-0.0015316440592890988,7.805324798416045e-05,30.0,30,30,8.227534746796439e-06,-0.0015477700273928197,-0.0015155180911853778
1.6,90,-0.001530602218751381,7.772996399142747e-05,30.0,30,30,8.193457621859455e-06,-0.0015466613956902255,-0.0015145430418125364
1.61,90,-0.0015289657598591257,7.362356751860806e-05,30.0,30,30,7.760605427533085e-06,-0.0015441765464970906,-0.0015137549732211607
1.62,90,-0.001525123842046429,7.385217458209475e-05,30.0,30,30,7.784702727860442e-06,-0.0015403818593930356,-0.0015098658246998225
1.63,90,-0.001522501684579555,7.472426017461196e-05,30.0,30,30,7.876628620759503e-06,-0.0015379398766762436,-0.0015070634924828664
1.64,90,-0.0015204526300992862,7.104836445825233e-05,30.0,30,30,7.4891551905944135e-06,-0.0015351313742728511,-0.0015057738859257212
1.65,90,-0.0015147859139150377,6.976401775641056e-05,30.0,30,30,7.353773161156242e-06,-0.001529199309310904,-0.0015003725185191714
1.66,90,-0.001515136528525453,6.986333757233233e-05,30.0,30,30,7.364242388992957e-06,-0.0015295704436078792,-0.0015007026134430269
1.67,90,-0.0015141038185757017,7.061542059978687e-05,30.0,30,30,7.443518900869999e-06,-0.001528693115621407,-0.0014995145215299965
1.68,90,-0.0015090016334441357,6.614597984454128e-05,30.0,30,30,6.972398479078026e-06,-0.0015226675344631286,-0.0014953357324251429
1.69,90,-0.0015082694675587725,6.70774853077794e-05,30.0,30,30,7.0705877763021166e-06,-0.0015221278196003247,-0.0014944111155172203
1.7,90,-0.0015079625937880897,6.587218162905038e-05,30.0,30,30,6.943537613069998e-06,-0.0015215719275097068,-0.0014943532600664726
1.71,90,-0.0015052438445745707,6.511724466871355e-05,30.0,30,30,6.863960270253045e-06,-0.0015186972067042666,-0.0014917904824448748
1.72,90,-0.0015021545225173537,6.180530846199917e-05,30.0,30,30,6.514851540973189e-06,-0.0015149236315376612,-0.0014893854134970463
1.73,90,-0.001501542859303401,6.227759472975652e-05,30.0,30,30,6.564634884764301e-06,-0.0015144095436775392,-0.0014886761749292629
1.74,90,-0.001501764716266038,6.262550107604397e-05,30.0,30,30,6.601307433654155e-06,-0.0015147032788360001,-0.001488826153696076
1.75,90,-0.0014984148938346406,5.941209164311967e-05,30.0,30,30,6.26258433823046e-06,-0.0015106895591375724,-0.001486140228531709
1.76,90,-0.0014960217326101344,5.913359382279892e-05,30.0,30,30,6.23322809037693e-06,-0.0015082388596672732,-0.0014838046055529956
1.77,90,-0.001496441500186858,6.1010522471426997e-05,30.0,30,30,6.4310737415531494e-06,-0.001509046404720302,-0.0014838365956534138
1.78,90,-0.0014943932348713714,5.8148766603933585e-05,30.0,30,30,6.12941818659881e-06,-0.001506406894517105,-0.0014823795752256378
1.79,90,-0.0014942281490136096,5.645618685998393e-05,30.0,30,30,5.951004616187293e-06,-0.0015058921180613367,-0.0014825641799658825
1.8,90,-0.0014917844649008614,5.694095048290092e-05,30.0,30,30,6.002103188694382e-06,-0.0015035485871507024,-0.0014800203426510205
1.81,90,-0.0014922071262655468,5.23859545160837e-05,30.0,30,30,5.521964455760277e-06,-0.001503030176598837,-0.0014813840759322567
1.82,90,-0.001490763957791193,5.4742142656519016e-05,30.0,30,30,5.7703284930820194e-06,-0.0015020738016376337,-0.0014794541139447521
1.83,90,-0.0014883296431382521,5.284498509504304e-05,30.0,30,30,5.570350527266186e-06,-0.0014992475301716939,-0.0014774117561048104
1.84,90,-0.0014883520031428615,5.235518892332298e-05,30.0,30,30,5.518721477537308e-06,-0.0014991686972388345,-0.0014775353090468884
1.85,90,-0.0014887208143757377,5.14710195790712e-05,30.0,30,30,5.425521845366204e-06,-0.0014993548371926553,-0.00147808679155882
1.86,90,-0.0014870759703509843,5.0631588047946915e-05,30.0,30,30,5.3370379927623615e-06,-0.0014975365648167984,-0.0014766153758851701
1.87,90,-0.0014891609846632249,5.0282823928865676e-05,30.0,30,30,5.300275026681065e-06,-0.0014995495237155197,-0.00147877244561093
1.88,90,-0.001484507629694885,5.084961574341077e-05,30.0,30,30,5.360020129784473e-06,-0.0014950132691492625,-0.0014740019902405074
1.89,90,-0.0014861966098645152,4.8414770086162354e-05,30.0,30,30,5.103364862188651e-06,-0.0014961992049944048,-0.0014761940147346255
1.9,90,-0.0014864013134169676,4.69228669321225e-05,30.0,30,30,4.946104461683485e-06,-0.0014960956781618672,-0.001476706948672068
1.91,90,-0.001485039939220669,4.898224619787277e-05,30.0,30,30,5.163182096546686e-06,-0.0014951597761299004,-0.0014749201023114375
1.92,90,-0.001484833610310917,4.408543825135337e-05,30.0,30,30,4.647013217366243e-06,-0.0014939417562169547,-0.0014757254644048791
1.93,90,-0.001484979130893369,4.335808179509291e-05,30.0,30,30,4.570343114945853e-06,-0.001493937003398663,-0.0014760212583880751
1.94,90,-0.0014839209667849706,4.4452021921955645e-05,30.0,30,30,4.685654529103847e-06,-0.001493104849662014,-0.001474737083907927
1.95,90,-0.0014861757749385371,4.397605187711256e-05,30.0,30,30,4.635482881113292e-06,-0.0014952613213855192,-0.001477090228491555
1.96,90,-0.001486293082614752,4.521451888638e-05,30.0,30,30,4.766028766322025e-06,-0.001495634498996743,-0.0014769516662327608
1.97,90,-0.0014831559660661742,4.059651861341013e-05,30.0,30,30,4.2792487963932215e-06,-0.001491543293707105,-0.0014747686384252434
1.98,90,-0.00148448334339867,4.348578883998719e-05,30.0,30,30,4.5838046194496965e-06,-0.0014934676004527913,-0.0014754990863445486
1.99,90,-0.0014853858865010114,4.147687423077046e-05,30.0,30,30,4.372046426452632e-06,-0.0014939550974968586,-0.0014768166755051641
2.0,90,-0.0014857588988803246,4.226385116730892e-05,30.0,30,30,4.455001079302076e-06,-0.0014944907009957567,-0.0014770270967648924
2.01,90,-0.0014860752951592062,4.226943738646987e-05,30.0,30,30,4.455589918503992e-06,-0.001494808251399474,-0.0014773423389189385
2.02,90,-0.0014838258653170262,4.1745305179638905e-05,30.0,30,30,4.4003415328827815e-06,-0.0014924505347214765,-0.0014752011959125759
2.03,90,-0.0014854995612631696,4.069066266835507e-05,30.0,30,30,4.289172451119557e-06,-0.001493906339267364,-0.0014770927832589752
2.04,90,-0.0014863587991057322,3.550583496426461e-05,30.0,30,30,3.7426436237706445e-06,-0.0014936943806083227,-0.0014790232176031418
2.05,90,-0.0014888445921952419,3.902041275460474e-05,30.0,30,30,4.113112651481196e-06,-0.001496906292992145,-0.0014807828913983388
2.06,90,-0.0014867045234483545,3.8784063347590736e-05,30.0,30,30,4.088199236488048e-06,-0.0014947173939518711,-0.0014786916529448378
2.07,90,-0.0014870761899022226,3.540477478048189e-05,30.0,30,30,3.731990945053691e-06,-0.0014943908921545277,-0.0014797614876499174
2.08,90,-0.0014881929165767164,3.4974296926762455e-05,30.0,30,30,3.686614595053217e-06,-0.0014954186811830207,-0.001480967151970412
2.09,90,-0.0014912253713000383,3.576115203638352e-05,30.0,30,30,3.7695564062180186e-06,-0.0014986137018562257,-0.001483837040743851
2.1,90,-0.0014904612490661815,3.427840502909246e-05,30.0,30,30,3.613261148323417e-06,-0.0014975432409168954,-0.0014833792572154676
2.11,90,-0.0014924749520855817,3.5932634596417584e-05,30.0,30,30,3.7876322551748252e-06,-0.0014998987113057243,-0.0014850511928654391
2.12,90,-0.0014914228090929626,3.559001643876954e-05,30.0,30,30,3.751517130311543e-06,-0.0014987757826683732,-0.001484069835517552
2.13,90,-0.0014910556756884677,3.474576818293805e-05,30.0,30,30,3.6625255503431417e-06,-0.0014982342257671402,-0.0014838771256097951
2.14,90,-0.0014934604865181912,3.5534859321250675e-05,30.0,30,30,3.745703059627237e-06,-0.0015008020645150607,-0.0014861189085213218
2.15,90,-0.001496785586095763,3.232940752191533e-05,30.0,30,30,3.4078187724344137e-06,-0.0015034649108897344,-0.0014901062613017913
2.16,90,-0.0014965337035927027,3.4761010102855694e-05,30.0,30,30,3.6641321897715966e-06,-0.001503715402684655,-0.0014893520045007505
2.17,90,-0.0014964601395434805,3.1540421018543806e-05,30.0,30,30,3.3246522926415426e-06,-0.001502976458037058,-0.001489943821049903
2.18,90,-0.0014966364045410814,3.320776906173379e-05,30.0,30,30,3.5004062082650477e-06,-0.001503497200709281,-0.0014897756083728818
2.19,90,-0.0014957106435199744,2.945271275684619e-05,30.0,30,30,3.1045885194110315e-06,-0.0015017956370180201,-0.0014896256500219287
2.2,90,-0.0014990768875647771,3.418526557735018e-05,30.0,30,30,3.603443388072586e-06,-0.0015061396366053993,-0.0014920141385241549
2.21,90,-0.0015019616922407988,2.8639697705122834e-05,30.0,30,30,3.018889208229518e-06,-0.0015078787150889286,-0.0014960446693926689
2.22,90,-0.0015032230533205192,3.160565047730816e-05,30.0,30,30,3.3315280813160554e-06,-0.0015097528483598987,-0.0014966932582811396
2.23,90,-0.0015026079166717897,3.0769877504034066e-05,30.0,30,30,3.2434298745708167e-06,-0.0015089650392259486,-0.0014962507941176308
2.24,90,-0.0015035988234326123,3.345782552501515e-05,30.0,30,30,3.526764473852226e-06,-0.0015105112818013626,-0.001496686365063862
2.25,90,-0.0015065250876701729,3.0229453182167223e-05,30.0,30,30,3.1864641492357777e-06,-0.0015127705574026749,-0.0015002796179376708
2.26,90,-0.001508991991850687,2.9672409233226164e-05,30.0,30,30,3.127746561386835e-06,-0.0015151223751110052,-0.0015028616085903687
2.27,90,-0.0015123377638796638,2.9303715778748075e-05,30.0,30,30,3.088882858901956e-06,-0.0015183919742831117,-0.001506283553476216
2.28,90,-0.0015104436253246447,2.871177628502102e-05,30.0,30,30,3.0264869576624744e-06,-0.0015163755397616632,-0.0015045117108876262
2.29,90,-0.001514256335071682,3.082546439712513e-05,30.0,30,30,3.2492892475781513e-06,-0.0015206249419969353,-0.0015078877281464289
2.3,90,-0.001514648166347871,2.9777585831287635e-05,30.0,30,30,3.138833148267578e-06,-0.0015208002793184754,-0.0015084960533772666
2.31,90,-0.0015144691720802874,2.8926308499820162e-05,30.0,30,30,3.049100638670667e-06,-0.001520445409332082,-0.0015084929348284928
2.32,90,-0.0015197341669500816,2.8206221260175848e-05,30.0,30,30,2.9731967789606825e-06,-0.0015255616326368445,-0.0015139067012633187
2.33,90,-0.0015184992441297069,2.7933928856789066e-05,30.0,30,30,2.94449463948523e-06,-0.001524270453623098,-0.0015127280346363158
2.34,90,-0.0015198897383649314,2.8028909867155018e-05,30.0,30,30,2.954506517059246e-06,-0.0015256805711383675,-0.0015140989055914954
2.35,90,-0.001523174800175173,3.019082818680988e-05,30.0,30,30,3.18239271723769e-06,-0.0015294122899009589,-0.0015169373104493872
2.36,90,-0.0015222557729179288,2.8000718310745025e-05,30.0,30,30,2.951534866091222e-06,-0.0015280407812554677,-0.00151647076458039
2.37,90,-0.0015259873615311938,2.7253450442279872e-05,30.0,30,30,2.8727659165375892e-06,-0.0015316179827276075,-0.00152035674033478
2.38,90,-0.001525397679703894,2.6849964496457093e-05,30.0,30,30,2.8302347634486797e-06,-0.0015309449398402534,-0.0015198504195675347
2.39,90,-0.0015289950901879812,2.7722907537839505e-05,30.0,30,30,2.9222510393941146e-06,-0.0015347227022251937,-0.0015232674781507688
2.4,90,-0.0015318666363477883,2.7137078139619078e-05,30.0,30,30,2.8604991987720365e-06,-0.0015374732147773813,-0.0015262600579181952
2.41,90,-0.0015329735371445792,2.938539891064753e-05,30.0,30,30,3.0974930170092305e-06,-0.0015390446234579173,-0.0015269024508312412
2.42,90,-0.0015342782615603244,2.9907518919135933e-05,30.0,30,30,3.152529298301557e-06,-0.0015404572189849956,-0.0015280993041356533
2.43,90,-0.0015372658970800143,2.995399705219835e-05,30.0,30,30,3.157428523697211e-06,-0.001543454456986461,-0.0015310773371735678
2.44,90,-0.0015400990283665715,2.737853128677619e-05,30.0,30,30,2.8859505952131127e-06,-0.0015457554915331892,-0.001534442565199954
2.45,90,-0.0015400819332928657,2.7076791178463425e-05,30.0,30,30,2.854144395089971e-06,-0.001545676056307242,-0.0015344878102784894
2.46,90,-0.0015437081996703323,2.7828158372739763e-05,30.0,30,30,2.933345451524753e-06,-0.0015494575567553208,-0.0015379588425853438
2.47,90,-0.0015438215468182134,3.0494584410700717e-05,30.0,30,30,3.214411434602593e-06,-0.0015501217932300346,-0.0015375213004063923
2.48,90,-0.0015479983332593976,2.8682574987999028e-05,30.0,30,30,3.0234088706884547e-06,-0.001553924214645947,-0.0015420724518728482
2.49,90,-0.0015488347456704959,2.9164999796338872e-05,30.0,30,30,3.0742609104925914e-06,-0.0015548602970550612,-0.0015428091942859305
2.5,90,-0.0015510006160784065,2.635429618481098e-05,30.0,30,30,2.7779867358229503e-06,-0.0015564454700806194,-0.0015455557620761935
